datetime,temp,dew,humidity,precip,precipcover,preciptype,uvindex
2019-01-01 0:00:00.0000,47.2,36.1,67.3,0.576,25,rain,4
2019-01-02 0:00:00.0000,31.9,11.2,43,0,0,,4
2019-01-03 0:00:00.0000,39,27.8,64.8,0.023,8.33,rain,4
2019-01-04 0:00:00.0000,40.9,25.5,54.4,0,0,,4
2019-01-05 0:00:00.0000,40.3,35.7,83.7,0.545,54.17,rain,1
2019-01-06 0:00:00.0000,37.7,24.4,59.8,0,0,,4
2019-01-07 0:00:00.0000,25.5,-0.9,32.1,0,0,,4
2019-01-08 0:00:00.0000,36.2,27.9,74.3,0.023,8.33,"rain,snow",1
2019-01-09 0:00:00.0000,39.8,31.2,72.7,0.13,25,rain,2
2019-01-10 0:00:00.0000,34,18.3,52.3,0,0,,2
2019-01-11 0:00:00.0000,24.7,4.5,42.2,0,0,,4
2019-01-12 0:00:00.0000,21.2,-2.8,34.8,0,0,,4
2019-01-13 0:00:00.0000,22.4,6.9,51.3,0,0,,4
2019-01-14 0:00:00.0000,27.1,14.7,59.5,0,0,,3
2019-01-15 0:00:00.0000,30,12.2,47.3,0,0,,4
2019-01-16 0:00:00.0000,33,19,57.3,0,0,,3
2019-01-17 0:00:00.0000,25.2,1.2,35.9,0,0,,5
2019-01-18 0:00:00.0000,34.7,22,60,0,0,,3
2019-01-19 0:00:00.0000,31.4,19.1,61.7,0.084,20.83,"rain,snow",3
2019-01-20 0:00:00.0000,27.4,22.8,83,1.234,70.83,"rain,snow",0
2019-01-21 0:00:00.0000,6.6,-6.8,53.3,0,0,,3
2019-01-22 0:00:00.0000,18.2,-6.9,32.9,0,0,,5
2019-01-23 0:00:00.0000,33.4,21.4,61.4,0,0,,2
2019-01-24 0:00:00.0000,52.6,47.7,83.8,1.023,50,rain,1
2019-01-25 0:00:00.0000,36.2,17.8,47.5,0,0,,5
2019-01-26 0:00:00.0000,29.9,7.4,38.5,0,0,,5
2019-01-27 0:00:00.0000,37.3,24.5,59.8,0,0,,5
2019-01-28 0:00:00.0000,30.6,9.3,41.2,0,0,,5
2019-01-29 0:00:00.0000,29.8,19.8,66.3,0.024,8.33,rain,2
2019-01-30 0:00:00.0000,29.4,16.3,61.3,0.163,25,"rain,snow",5
2019-01-31 0:00:00.0000,11.2,-12.4,33.4,0,0,,5
2019-02-01 0:00:00.0000,16.9,-6,35.4,0,0,,5
2019-02-02 0:00:00.0000,25.1,3.8,40.9,0,0,,5
2019-02-03 0:00:00.0000,34.2,23,64,0,0,,2
2019-02-04 0:00:00.0000,47.1,34.7,63.7,0,0,,5
2019-02-05 0:00:00.0000,51.9,38.2,61.4,0,0,,5
2019-02-06 0:00:00.0000,36.4,24.9,63.5,0.245,16.67,"rain,snow",5
2019-02-07 0:00:00.0000,38.8,35.7,88.4,0.338,37.5,"rain,snow",3
2019-02-08 0:00:00.0000,42.2,32.3,71.3,0.088,25,rain,4
2019-02-09 0:00:00.0000,30,0.6,28.8,0,0,,6
2019-02-10 0:00:00.0000,30.3,5.4,34.8,0,0,,5
2019-02-11 0:00:00.0000,31.4,4.7,32.6,0,0,,5
2019-02-12 0:00:00.0000,27.1,14,61.1,0.766,37.5,"rain,snow",2
2019-02-13 0:00:00.0000,38.1,31.7,78.4,0.416,45.83,rain,5
2019-02-14 0:00:00.0000,35.1,18,49.9,0,0,,6
2019-02-15 0:00:00.0000,43.2,37.1,78.8,0.102,16.67,rain,3
2019-02-16 0:00:00.0000,40,20.6,46.1,0,0,,6
2019-02-17 0:00:00.0000,29.4,11.7,47.8,0,0,,6
2019-02-18 0:00:00.0000,29.4,23.9,80.4,0.317,50,"rain,snow",1
2019-02-19 0:00:00.0000,24.4,2.5,39.5,0,0,,7
2019-02-20 0:00:00.0000,25.8,7.8,46.9,0.052,8.33,snow,4
2019-02-21 0:00:00.0000,37.4,28.4,72.1,0.458,29.17,"rain,snow",6
2019-02-22 0:00:00.0000,41,21.4,45.5,0,0,,6
2019-02-23 0:00:00.0000,34.3,22.2,61.8,0,0,,5
2019-02-24 0:00:00.0000,41,36.9,85.6,0.48,45.83,rain,1
2019-02-25 0:00:00.0000,36.7,16.8,45.2,0.001,4.17,rain,5
2019-02-26 0:00:00.0000,26.5,-3.5,27.5,0,0,,7
2019-02-27 0:00:00.0000,20.2,-5.6,33.4,0.025,8.33,snow,5
2019-02-28 0:00:00.0000,24.9,10.4,57.3,0.178,33.33,snow,6
2019-03-01 0:00:00.0000,30.2,11.5,46.1,0,0,,7
2019-03-02 0:00:00.0000,33.1,26.5,76.7,0.183,33.33,"rain,snow",2
2019-03-03 0:00:00.0000,35.9,26.5,68.9,0.036,4.17,"rain,snow",6
2019-03-04 0:00:00.0000,35,26.5,72.6,1.003,50,"rain,snow",5
2019-03-05 0:00:00.0000,25.2,5.3,42.5,0,0,,7
2019-03-06 0:00:00.0000,22.1,-1.4,36.2,0,0,,7
2019-03-07 0:00:00.0000,22.1,0.5,39.2,0,0,,7
2019-03-08 0:00:00.0000,27.9,7.6,42.5,0,0,,7
2019-03-09 0:00:00.0000,34.1,17.2,53.1,0,0,,7
2019-03-10 0:00:00.0000,36,30.7,81.3,0.463,45.83,"rain,snow",1
2019-03-11 0:00:00.0000,43,26.7,55.9,0,0,,8
2019-03-12 0:00:00.0000,39.5,18.8,43.5,0,0,,7
2019-03-13 0:00:00.0000,35.6,19.1,51.3,0,0,,7
2019-03-14 0:00:00.0000,42.2,30.9,65.5,0,0,,5
2019-03-15 0:00:00.0000,53.6,47.5,80.1,0.18,12.5,rain,5
2019-03-16 0:00:00.0000,47.5,28.1,49.1,0.02,4.17,rain,8
2019-03-17 0:00:00.0000,37.2,10.5,33.2,0,0,,7
2019-03-18 0:00:00.0000,36.3,8,31.5,0,0,,8
2019-03-19 0:00:00.0000,38.8,14.2,37.4,0,0,,8
2019-03-20 0:00:00.0000,40.8,22,47.1,0,0,,8
2019-03-21 0:00:00.0000,42.5,30.3,64,0,0,,4
2019-03-22 0:00:00.0000,41.3,35.4,80,0.878,62.5,rain,4
2019-03-23 0:00:00.0000,40.7,25.5,56.7,0.043,8.33,rain,7
2019-03-24 0:00:00.0000,46.1,16,31.1,0,0,,8
2019-03-25 0:00:00.0000,44.1,18.3,38.4,0,0,,8
2019-03-26 0:00:00.0000,37.5,8.6,33,0,0,,8
2019-03-27 0:00:00.0000,36,10.5,35,0,0,,8
2019-03-28 0:00:00.0000,42.6,28.1,57.4,0,0,,8
2019-03-29 0:00:00.0000,50.5,40.2,68.3,0.047,20.83,rain,2
2019-03-30 0:00:00.0000,52.3,44.1,74.9,0,0,,7
2019-03-31 0:00:00.0000,55.8,47.5,74.1,0.097,20.83,rain,7
2019-04-01 0:00:00.0000,41.6,15,37.4,0,0,,9
2019-04-02 0:00:00.0000,42.3,18.1,39.7,0,0,,8
2019-04-03 0:00:00.0000,48.4,31.3,58.6,0.444,33.33,rain,8
2019-04-04 0:00:00.0000,45.4,7.5,22.1,0,0,,9
2019-04-05 0:00:00.0000,39.5,14,37,0.063,8.33,rain,6
2019-04-06 0:00:00.0000,50.1,38.1,66.9,0.161,25,rain,8
2019-04-07 0:00:00.0000,54.9,38.5,55.5,0,0,,7
2019-04-08 0:00:00.0000,44.6,39.5,82.9,0.316,41.67,rain,1
2019-04-09 0:00:00.0000,38.5,35.2,87.6,0.062,8.33,rain,2
2019-04-10 0:00:00.0000,41.5,28.1,61.1,0.011,4.17,rain,7
2019-04-11 0:00:00.0000,43,21.9,44,0,0,,8
2019-04-12 0:00:00.0000,48.4,36.3,63.7,0,0,,2
2019-04-13 0:00:00.0000,63.7,55.6,76.2,0.391,45.83,rain,8
2019-04-14 0:00:00.0000,57.4,46.6,69.7,0.033,12.5,rain,7
2019-04-15 0:00:00.0000,55.9,47.9,76.2,0.737,37.5,rain,7
2019-04-16 0:00:00.0000,50.8,23.7,35.9,0,0,,9
2019-04-17 0:00:00.0000,51.1,27.2,40.4,0,0,,9
2019-04-18 0:00:00.0000,48.9,37.6,65.8,0,0,,2
2019-04-19 0:00:00.0000,69,57.9,68.7,0,0,,5
2019-04-20 0:00:00.0000,67.1,62.3,84.6,0.2,45.83,rain,2
2019-04-21 0:00:00.0000,60.7,55.3,82.9,0.034,16.67,rain,8
2019-04-22 0:00:00.0000,53.7,50.2,87.9,2.08,41.67,rain,4
2019-04-23 0:00:00.0000,49.7,45.4,85.1,0.313,29.17,rain,2
2019-04-24 0:00:00.0000,55.1,44.5,71.3,0.122,16.67,rain,9
2019-04-25 0:00:00.0000,51.3,39,63.1,0,0,,9
2019-04-26 0:00:00.0000,47.8,43.6,85.3,0.607,41.67,rain,1
2019-04-27 0:00:00.0000,50.3,36.4,62.3,0.802,33.33,rain,6
2019-04-28 0:00:00.0000,49.3,34.2,56.5,0.012,8.33,rain,5
2019-04-29 0:00:00.0000,52.6,27.2,41.1,0,0,,9
2019-04-30 0:00:00.0000,48.7,39.4,71.4,0.146,25,rain,2
2019-05-01 0:00:00.0000,50.9,35.2,55.2,0,0,,4
2019-05-02 0:00:00.0000,47,43.4,87.1,0.066,20.83,rain,1
2019-05-03 0:00:00.0000,49.9,45.2,84,0.115,20.83,rain,5
2019-05-04 0:00:00.0000,51,47.3,87.1,0.14,16.67,rain,2
2019-05-05 0:00:00.0000,49.8,45.4,84.8,0.011,4.17,rain,2
2019-05-06 0:00:00.0000,52.5,43.9,73.2,0,0,,9
2019-05-07 0:00:00.0000,60.2,45.4,60.3,0.083,16.67,rain,9
2019-05-08 0:00:00.0000,56.9,44.8,64.8,0,0,,9
2019-05-09 0:00:00.0000,52.2,34.4,50.9,0,0,,9
2019-05-10 0:00:00.0000,56.9,45.5,66.4,0.011,4.17,rain,3
2019-05-11 0:00:00.0000,63.6,41,47,0.003,4.17,rain,9
2019-05-12 0:00:00.0000,47.9,35.8,64.7,0.395,58.33,rain,1
2019-05-13 0:00:00.0000,48.9,39.9,71.4,0.664,25,rain,5
2019-05-14 0:00:00.0000,45.3,40.4,83,0.308,37.5,rain,2
2019-05-15 0:00:00.0000,52.9,38.2,59.8,0,0,,4
2019-05-16 0:00:00.0000,57,45.8,66.7,0.011,4.17,rain,6
2019-05-17 0:00:00.0000,56.3,52.2,86.4,0.241,33.33,rain,1
2019-05-18 0:00:00.0000,61.1,43.4,53.5,0,0,,10
2019-05-19 0:00:00.0000,61.8,50.8,67.8,0.218,12.5,rain,5
2019-05-20 0:00:00.0000,74,63.6,71.7,0.135,20.83,rain,8
2019-05-21 0:00:00.0000,65.3,38.7,38.7,0,0,,10
2019-05-22 0:00:00.0000,60,37,42.9,0,0,,9
2019-05-23 0:00:00.0000,61.3,47.7,61.7,0.001,4.17,rain,6
2019-05-24 0:00:00.0000,64.3,50.4,62,0.122,8.33,rain,7
2019-05-25 0:00:00.0000,62.8,44.5,52.2,0,0,,8
2019-05-26 0:00:00.0000,72.9,53.5,54.7,0.257,12.5,rain,9
2019-05-27 0:00:00.0000,65.7,52.3,63.2,0,0,,10
2019-05-28 0:00:00.0000,56.6,45.3,67.7,0.296,41.67,rain,3
2019-05-29 0:00:00.0000,51.9,46.3,81.3,0.012,4.17,rain,2
2019-05-30 0:00:00.0000,57.6,51.1,78.9,0.012,4.17,rain,4
2019-05-31 0:00:00.0000,62.8,53.8,73.6,0.293,12.5,rain,7
2019-06-01 0:00:00.0000,59.2,54.3,84.1,0,0,,8
2019-06-02 0:00:00.0000,56.7,53.1,87.7,0.007,8.33,rain,8
2019-06-03 0:00:00.0000,64.3,38.7,43.6,0.083,16.67,rain,9
2019-06-04 0:00:00.0000,63.6,36.5,37.9,0,0,,9
2019-06-05 0:00:00.0000,72.3,53.4,52.4,0,0,,8
2019-06-06 0:00:00.0000,68.5,61.7,78.9,0.067,16.67,rain,9
2019-06-07 0:00:00.0000,68.9,52.5,57.1,0,0,,9
2019-06-08 0:00:00.0000,67.7,50.3,54.4,0,0,,10
2019-06-09 0:00:00.0000,67.9,46.4,47.4,0,0,,10
2019-06-10 0:00:00.0000,66,52.3,62,0,0,,9
2019-06-11 0:00:00.0000,70.9,59.2,70.4,0.683,54.17,rain,5
2019-06-12 0:00:00.0000,67.5,45,45.4,0,0,,9
2019-06-13 0:00:00.0000,57.3,50.7,79.3,0.623,45.83,rain,2
2019-06-14 0:00:00.0000,64.8,50.5,63.2,0.001,4.17,rain,9
2019-06-15 0:00:00.0000,72.8,47.5,42.1,0,0,,10
2019-06-16 0:00:00.0000,68.1,60.3,77.4,0.121,33.33,rain,2
2019-06-17 0:00:00.0000,69.5,58.9,70.5,0,0,,8
2019-06-18 0:00:00.0000,66.2,61.5,84.9,0.104,16.67,rain,2
2019-06-19 0:00:00.0000,65.6,60.7,84.5,0,0,,7
2019-06-20 0:00:00.0000,66.5,63.2,89.1,0.361,20.83,rain,1
2019-06-21 0:00:00.0000,67.8,59.9,76.9,1.136,29.17,rain,3
2019-06-22 0:00:00.0000,71.1,50.7,50,0.002,4.17,rain,9
2019-06-23 0:00:00.0000,76.8,49.5,39.7,0,0,,9
2019-06-24 0:00:00.0000,72.3,53.5,52.8,0,0,,9
2019-06-25 0:00:00.0000,68,62.7,83.3,0.131,25,rain,3
2019-06-26 0:00:00.0000,68.5,63.6,84.7,0,0,,9
2019-06-27 0:00:00.0000,65.8,61,84.7,0,0,,9
2019-06-28 0:00:00.0000,73,62.4,71.3,0,0,,9
2019-06-29 0:00:00.0000,76.6,65.2,69.1,1.604,25,rain,6
2019-06-30 0:00:00.0000,71.7,61.1,69.8,0.16,16.67,rain,5
2019-07-01 0:00:00.0000,73.3,58.6,61.5,0,0,,9
2019-07-02 0:00:00.0000,79.2,60.1,52.9,0,0,,9
2019-07-03 0:00:00.0000,79.7,62.7,56.7,0,0,,10
2019-07-04 0:00:00.0000,79.1,61.5,55.6,0,0,,8
2019-07-05 0:00:00.0000,81,63.7,57.8,0,0,,9
2019-07-06 0:00:00.0000,81.8,70.9,71,1.343,16.67,rain,9
2019-07-07 0:00:00.0000,71.9,59.5,65.7,0,0,,9
2019-07-08 0:00:00.0000,71.8,55,56.3,0,0,,9
2019-07-09 0:00:00.0000,79.5,53.8,43.1,0,0,,9
2019-07-10 0:00:00.0000,79,59.8,52.8,0,0,,9
2019-07-11 0:00:00.0000,76.6,66,70.7,0.008,4.17,rain,6
2019-07-12 0:00:00.0000,73.4,68.9,86,0.851,62.5,rain,8
2019-07-13 0:00:00.0000,79.4,63.3,59.9,0,0,,9
2019-07-14 0:00:00.0000,83,62.7,52.4,0,0,,9
2019-07-15 0:00:00.0000,78.5,54.8,44.8,0,0,,9
2019-07-16 0:00:00.0000,80,59.2,50,0,0,,9
2019-07-17 0:00:00.0000,81.7,69.2,67.1,0.44,20.83,rain,8
2019-07-18 0:00:00.0000,71.5,62.5,73.6,0.042,8.33,rain,3
2019-07-19 0:00:00.0000,78.5,64.8,63.5,0,0,,9
2019-07-20 0:00:00.0000,89.2,74.3,62.7,0,0,,8
2019-07-21 0:00:00.0000,90,68.5,50.2,0,0,,9
2019-07-22 0:00:00.0000,77.5,65,66.3,0.716,25,rain,7
2019-07-23 0:00:00.0000,67,59.8,78.4,1.172,58.33,rain,4
2019-07-24 0:00:00.0000,71.2,58,65,0,0,,9
2019-07-25 0:00:00.0000,73,59.7,63.3,0,0,,9
2019-07-26 0:00:00.0000,75.2,63.3,66.8,0,0,,9
2019-07-27 0:00:00.0000,75.3,60.6,60.8,0,0,,9
2019-07-28 0:00:00.0000,80.6,64.1,59.6,0,0,,9
2019-07-29 0:00:00.0000,84.3,68.3,60.3,0.011,8.33,rain,9
2019-07-30 0:00:00.0000,84.4,69.9,63.6,0,0,,8
2019-07-31 0:00:00.0000,80.8,67.4,65.7,1.217,12.5,rain,8
2019-08-01 0:00:00.0000,80.5,59.8,53,0,0,,8
2019-08-02 0:00:00.0000,75.5,54,48.1,0,0,,9
2019-08-03 0:00:00.0000,77.9,63.2,61.6,0,0,,6
2019-08-04 0:00:00.0000,76.2,64.3,67.5,0,0,,8
2019-08-05 0:00:00.0000,72.2,52.5,50.7,0,0,,9
2019-08-06 0:00:00.0000,70.9,64.9,81.5,0,0,,7
2019-08-07 0:00:00.0000,76.8,67.9,74.8,0.015,12.5,rain,5
2019-08-08 0:00:00.0000,77.7,65.9,69,0.038,12.5,rain,7
2019-08-09 0:00:00.0000,78.4,56.3,48.2,0,0,,7
2019-08-10 0:00:00.0000,74.3,51.8,45.6,0,0,,7
2019-08-11 0:00:00.0000,72.3,51,48.4,0,0,,8
2019-08-12 0:00:00.0000,77.8,56.3,48.8,0,0,,7
2019-08-13 0:00:00.0000,77.1,65.2,66.9,0,0,,4
2019-08-14 0:00:00.0000,70.3,61.7,74.9,0,0,,6
2019-08-15 0:00:00.0000,66.7,61,82.4,0,0,,7
2019-08-16 0:00:00.0000,68.5,62.9,82.5,0,0,,7
2019-08-17 0:00:00.0000,69.8,64.5,83.3,0,0,,5
2019-08-18 0:00:00.0000,74.4,67.9,80.6,0.158,16.67,rain,6
2019-08-19 0:00:00.0000,82.6,68.8,65,0.008,4.17,rain,7
2019-08-20 0:00:00.0000,77.8,61.9,59.1,0,0,,7
2019-08-21 0:00:00.0000,77.2,67.7,73,0.069,20.83,rain,4
2019-08-22 0:00:00.0000,81.4,66.7,64,0,0,,7
2019-08-23 0:00:00.0000,76.2,53.5,46.1,0,0,,7
2019-08-24 0:00:00.0000,67.8,52.5,58.7,0,0,,7
2019-08-25 0:00:00.0000,65.2,54.6,68.7,0,0,,5
2019-08-26 0:00:00.0000,64.6,52.9,66.8,0,0,,7
2019-08-27 0:00:00.0000,67.1,53.2,62.6,0,0,,6
2019-08-28 0:00:00.0000,68.9,60.1,74.1,0.374,37.5,rain,6
2019-08-29 0:00:00.0000,75.7,61.8,65.3,0.6,25,rain,7
2019-08-30 0:00:00.0000,77.2,57.5,51.7,0,0,,7
2019-08-31 0:00:00.0000,75.3,49.7,41.4,0,0,,7
2019-09-01 0:00:00.0000,67.2,53.9,62.8,0,0,,6
2019-09-02 0:00:00.0000,69.2,59.6,72.5,1.085,20.83,rain,6
2019-09-03 0:00:00.0000,70.7,60,69.7,0,0,,7
2019-09-04 0:00:00.0000,74.1,63.7,71.3,0.324,8.33,rain,5
2019-09-05 0:00:00.0000,65.7,49.8,56.9,0,0,,7
2019-09-06 0:00:00.0000,64.6,54.8,70.4,0,0,,3
2019-09-07 0:00:00.0000,65.3,51,62,0.034,12.5,rain,5
2019-09-08 0:00:00.0000,68.7,50.1,52.7,0,0,,7
2019-09-09 0:00:00.0000,65.3,52,62.4,0,0,,7
2019-09-10 0:00:00.0000,67.5,59.1,74.9,0,0,,5
2019-09-11 0:00:00.0000,77.2,64.5,65.8,0,0,,6
2019-09-12 0:00:00.0000,65.6,57.1,74.3,0.071,8.33,rain,2
2019-09-13 0:00:00.0000,61.1,45.9,59.1,0,0,,7
2019-09-14 0:00:00.0000,63.8,54.2,71.2,0.127,4.17,rain,3
2019-09-15 0:00:00.0000,73.7,57.1,59.5,0.079,8.33,rain,6
2019-09-16 0:00:00.0000,68.5,48.2,49.3,0,0,,6
2019-09-17 0:00:00.0000,63.4,48.3,58.1,0,0,,6
2019-09-18 0:00:00.0000,59.6,43.2,55,0,0,,4
2019-09-19 0:00:00.0000,58.1,42.8,57.4,0,0,,6
2019-09-20 0:00:00.0000,66.5,46.5,50.9,0,0,,7
2019-09-21 0:00:00.0000,72,53.7,53.2,0,0,,7
2019-09-22 0:00:00.0000,75.1,57.2,56.2,0,0,,7
2019-09-23 0:00:00.0000,78.7,64,62.4,0,0,,7
2019-09-24 0:00:00.0000,72.3,57.1,60.7,0.139,12.5,rain,6
2019-09-25 0:00:00.0000,64.7,50.4,60.9,0,0,,6
2019-09-26 0:00:00.0000,67.7,55.4,67.3,0.267,12.5,rain,6
2019-09-27 0:00:00.0000,65.2,50.1,59.3,0,0,,6
2019-09-28 0:00:00.0000,69.4,56.8,65.5,0,0,,6
2019-09-29 0:00:00.0000,69,54.4,61.1,0,0,,5
2019-09-30 0:00:00.0000,57.8,44.2,60.7,0,0,,5
2019-10-01 0:00:00.0000,64.2,55.6,73.9,0.05,4.17,rain,3
2019-10-02 0:00:00.0000,68.6,60.9,76.8,0.226,16.67,rain,2
2019-10-03 0:00:00.0000,53.7,39.8,59.4,0,0,,2
2019-10-04 0:00:00.0000,55.5,42.3,63.7,0.113,25,rain,4
2019-10-05 0:00:00.0000,50,32.7,52.1,0,0,,6
2019-10-06 0:00:00.0000,58.8,46.7,64.6,0,0,,4
2019-10-07 0:00:00.0000,72.8,58.3,61.5,0.144,12.5,rain,5
2019-10-08 0:00:00.0000,61,51.9,72.3,0.028,8.33,rain,2
2019-10-09 0:00:00.0000,57.6,47.2,68.7,0.071,8.33,rain,1
2019-10-10 0:00:00.0000,56.2,44.3,64.8,0.024,8.33,rain,1
2019-10-11 0:00:00.0000,55.3,47.6,75.5,0.328,58.33,rain,1
2019-10-12 0:00:00.0000,55.9,49.9,80.3,0.025,12.5,rain,2
2019-10-13 0:00:00.0000,59,50.4,73.9,0,0,,5
2019-10-14 0:00:00.0000,58.3,51.1,77.1,0,0,,4
2019-10-15 0:00:00.0000,56.8,39.4,53.7,0,0,,5
2019-10-16 0:00:00.0000,54.9,44.8,69.6,0.074,8.33,rain,4
2019-10-17 0:00:00.0000,56.2,45.2,67.7,1.154,29.17,rain,3
2019-10-18 0:00:00.0000,54.5,37.5,53.2,0,0,,4
2019-10-19 0:00:00.0000,52.4,34.5,51.6,0,0,,5
2019-10-20 0:00:00.0000,53,42.6,67.8,0,0,,4
2019-10-21 0:00:00.0000,57,48.2,72.6,0,0,,5
2019-10-22 0:00:00.0000,55.3,49.4,80.6,0.045,12.5,rain,2
2019-10-23 0:00:00.0000,61.4,47.8,65.4,0.523,37.5,rain,4
2019-10-24 0:00:00.0000,58.9,37,45.4,0,0,,5
2019-10-25 0:00:00.0000,57.5,44.3,62.1,0,0,,3
2019-10-26 0:00:00.0000,54.6,43.6,67.3,0.01,4.17,rain,5
2019-10-27 0:00:00.0000,53.2,45.4,75.4,1.43,50,rain,0
2019-10-28 0:00:00.0000,52.8,47.7,82.8,0.041,16.67,rain,1
2019-10-29 0:00:00.0000,54.6,48.7,80.7,0.042,16.67,rain,1
2019-10-30 0:00:00.0000,58.9,54.3,84.7,0.088,20.83,rain,5
2019-10-31 0:00:00.0000,66.8,61.4,82.8,0.084,25,rain,1
2019-11-01 0:00:00.0000,58.2,38.2,50,0.015,20.83,rain,5
2019-11-02 0:00:00.0000,45.5,28.6,51.6,0,0,,5
2019-11-03 0:00:00.0000,48.8,28,45.8,0,0,,5
2019-11-04 0:00:00.0000,48.1,27.8,46.1,0,0,,4
2019-11-05 0:00:00.0000,53.6,47.4,79.7,0.399,29.17,rain,2
2019-11-06 0:00:00.0000,49.7,26.4,41.7,0,0,,4
2019-11-07 0:00:00.0000,49.8,34.8,57.3,0.235,25,rain,1
2019-11-08 0:00:00.0000,35.5,17.2,48.2,0,0,,5
2019-11-09 0:00:00.0000,34.1,13.5,43.4,0,0,,4
2019-11-10 0:00:00.0000,43.1,25.6,50.9,0,0,,4
2019-11-11 0:00:00.0000,48.1,35.4,61.9,0,0,,2
2019-11-12 0:00:00.0000,37.5,28.1,70.3,0.079,12.5,rain,0
2019-11-13 0:00:00.0000,26.4,2.4,35.4,0,0,,4
2019-11-14 0:00:00.0000,33,18.8,56.3,0,0,,4
2019-11-15 0:00:00.0000,44.7,24.2,46.7,0,0,,5
2019-11-16 0:00:00.0000,33.4,2.7,27.9,0,0,,4
2019-11-17 0:00:00.0000,35.1,21.2,57.3,0,0,,1
2019-11-18 0:00:00.0000,38.8,32.5,78.2,0.244,29.17,rain,1
2019-11-19 0:00:00.0000,42.7,38,83.7,0.248,29.17,rain,1
2019-11-20 0:00:00.0000,40.4,35.4,82.2,0.233,41.67,rain,1
2019-11-21 0:00:00.0000,42.6,31.2,64.8,0,0,,4
2019-11-22 0:00:00.0000,47.8,35.3,62.4,0.094,12.5,rain,1
2019-11-23 0:00:00.0000,40.6,17.7,40.1,0,0,,4
2019-11-24 0:00:00.0000,43.1,36.4,77.5,1.504,66.67,rain,0
2019-11-25 0:00:00.0000,47.1,32.4,57.4,0,0,,4
2019-11-26 0:00:00.0000,50.4,36.5,60.9,0,0,,4
2019-11-27 0:00:00.0000,47.9,42,80.2,0.198,16.67,rain,2
2019-11-28 0:00:00.0000,44.1,33.1,65.3,0.138,25,rain,1
2019-11-29 0:00:00.0000,36.5,20,51.4,0,0,,4
2019-11-30 0:00:00.0000,32.1,6.5,34.9,0,0,,4
2019-12-01 0:00:00.0000,30.2,18.8,63,0.528,29.17,"rain,snow",2
2019-12-02 0:00:00.0000,37.4,32.6,82.9,0.529,91.67,"rain,snow",1
2019-12-03 0:00:00.0000,32.4,24,71.9,0.145,41.67,"rain,snow",1
2019-12-04 0:00:00.0000,35.2,23.1,61,0,0,,2
2019-12-05 0:00:00.0000,39.2,24.5,56.2,0,0,,4
2019-12-06 0:00:00.0000,33.5,21.3,61.6,0.044,16.67,"rain,snow",1
2019-12-07 0:00:00.0000,31,15.2,52.2,0,0,,4
2019-12-08 0:00:00.0000,31,16.3,55.1,0,0,,4
2019-12-09 0:00:00.0000,49.7,43.9,80.4,0.552,66.67,rain,1
2019-12-10 0:00:00.0000,57.3,49.8,75.9,0.18,45.83,rain,2
2019-12-11 0:00:00.0000,34.4,24.9,68.7,0.239,37.5,"rain,snow",3
2019-12-12 0:00:00.0000,29.8,12.5,48.5,0,0,,4
2019-12-13 0:00:00.0000,38,30.3,73.7,0.085,20.83,rain,2
2019-12-14 0:00:00.0000,53.7,49.9,87,1.263,62.5,rain,1
2019-12-15 0:00:00.0000,45.2,25,45.4,0,0,,3
2019-12-16 0:00:00.0000,33.2,9.6,37,0,0,,2
2019-12-17 0:00:00.0000,31.9,23,71.7,0.647,62.5,"rain,snow",1
2019-12-18 0:00:00.0000,33,21.6,63.9,0,0,,4
2019-12-19 0:00:00.0000,20.5,-1.9,36.7,0,0,,4
2019-12-20 0:00:00.0000,24.4,5.7,44.5,0,0,,4
2019-12-21 0:00:00.0000,28.8,17.2,61.5,0,0,,3
2019-12-22 0:00:00.0000,37.4,24.7,60.7,0,0,,4
2019-12-23 0:00:00.0000,45.7,30.2,55.5,0,0,,4
2019-12-24 0:00:00.0000,42.8,21.2,42.6,0,0,,4
2019-12-25 0:00:00.0000,36,22.5,58.2,0,0,,4
2019-12-26 0:00:00.0000,36.5,26.8,67.8,0,0,,2
2019-12-27 0:00:00.0000,44.3,35.1,70.2,0.011,4.17,rain,1
2019-12-28 0:00:00.0000,46.4,30.9,55.7,0,0,,4
2019-12-29 0:00:00.0000,38.9,25.4,58.5,0.051,8.33,rain,3
2019-12-30 0:00:00.0000,38.4,33.3,82,1.301,100,rain,0
2019-12-31 0:00:00.0000,40.4,35.7,83.2,0.291,41.67,rain,1
2020-01-01 0:00:00.0000,39,24.3,55.7,0,0,,4
2020-01-02 0:00:00.0000,40.9,23.6,50.5,0,0,,3
2020-01-03 0:00:00.0000,47.8,33,56.3,0,0,,1
2020-01-04 0:00:00.0000,45.2,38.8,78.4,0.124,33.33,rain,0
2020-01-05 0:00:00.0000,37.2,23.9,59.6,0.122,25,rain,3
2020-01-06 0:00:00.0000,33.3,20.4,59,0,0,,3
2020-01-07 0:00:00.0000,37.9,20.8,50.3,0,0,,4
2020-01-08 0:00:00.0000,37.2,22,56.2,0.023,8.33,rain,4
2020-01-09 0:00:00.0000,28,2.8,33.8,0,0,,4
2020-01-10 0:00:00.0000,42.5,29.2,59.6,0,0,,2
2020-01-11 0:00:00.0000,59.4,48.1,66.9,0,0,,4
2020-01-12 0:00:00.0000,62.3,46.1,57.5,0.02,4.17,rain,4
2020-01-13 0:00:00.0000,38.9,30.4,71.8,0.011,4.17,rain,1
2020-01-14 0:00:00.0000,39.8,32.9,76.4,0,0,,2
2020-01-15 0:00:00.0000,45.1,31.3,60.4,0,0,,4
2020-01-16 0:00:00.0000,39.9,26.5,60.1,0.099,20.83,rain,4
2020-01-17 0:00:00.0000,21.2,-4,33.2,0,0,,4
2020-01-18 0:00:00.0000,20.2,1.9,46.2,0.241,20.83,"rain,snow",2
2020-01-19 0:00:00.0000,34.2,21.5,62,0.05,8.33,"rain,snow",4
2020-01-20 0:00:00.0000,23.9,1.9,39.4,0,0,,5
2020-01-21 0:00:00.0000,22.9,1.1,38.3,0,0,,4
2020-01-22 0:00:00.0000,29.8,12.3,48,0,0,,4
2020-01-23 0:00:00.0000,37.5,15.3,43,0,0,,4
2020-01-24 0:00:00.0000,40.3,26.3,58.4,0,0,,4
2020-01-25 0:00:00.0000,43.8,37.2,77.8,0.695,25,rain,1
2020-01-26 0:00:00.0000,45.9,33.6,63.3,0,0,,5
2020-01-27 0:00:00.0000,42.5,27.3,55,0,0,,3
2020-01-28 0:00:00.0000,39.7,22.9,50.9,0,0,,2
2020-01-29 0:00:00.0000,35.8,12.2,38.6,0,0,,5
2020-01-30 0:00:00.0000,28.6,9.4,44.6,0,0,,5
2020-01-31 0:00:00.0000,36.8,20.1,51.4,0,0,,5
2020-02-01 0:00:00.0000,38,31.8,78,0.019,4.17,rain,3
2020-02-02 0:00:00.0000,39.4,24.9,57,0,0,,4
2020-02-03 0:00:00.0000,42,26.2,53.9,0,0,,5
2020-02-04 0:00:00.0000,41.7,31.8,67.9,0,0,,2
2020-02-05 0:00:00.0000,39.7,23.8,54.4,0.056,16.67,rain,2
2020-02-06 0:00:00.0000,38,31.7,78.8,0.446,54.17,"rain,snow",1
2020-02-07 0:00:00.0000,38.7,31.8,77,0.325,50,"rain,snow",1
2020-02-08 0:00:00.0000,30.1,10.2,43.3,0,0,,6
2020-02-09 0:00:00.0000,28.8,15.4,57,0,0,,5
2020-02-10 0:00:00.0000,44.1,36,73.2,0.168,33.33,rain,2
2020-02-11 0:00:00.0000,41.8,37,83,0.179,37.5,rain,0
2020-02-12 0:00:00.0000,41.2,22.9,49.2,0,0,,5
2020-02-13 0:00:00.0000,38.5,32.9,80.5,0.533,41.67,"rain,snow",1
2020-02-14 0:00:00.0000,27.9,8.8,46.1,0,0,,6
2020-02-15 0:00:00.0000,21.2,-0.2,39.3,0,0,,6
2020-02-16 0:00:00.0000,38.2,19.7,47.5,0,0,,3
2020-02-17 0:00:00.0000,40.6,18.8,43,0,0,,6
2020-02-18 0:00:00.0000,38.2,26.7,64.2,0.448,33.33,rain,2
2020-02-19 0:00:00.0000,41.5,20.1,45.3,0,0,,6
2020-02-20 0:00:00.0000,30.5,5.7,34.7,0,0,,6
2020-02-21 0:00:00.0000,25.7,1,34.5,0,0,,6
2020-02-22 0:00:00.0000,38.5,10.1,31.1,0,0,,6
2020-02-23 0:00:00.0000,44.5,18.9,37,0,0,,6
2020-02-24 0:00:00.0000,48.7,24.9,41.6,0,0,,6
2020-02-25 0:00:00.0000,46.8,38.6,73.3,0.149,12.5,rain,4
2020-02-26 0:00:00.0000,45.4,39.1,78.8,0.254,20.83,rain,4
2020-02-27 0:00:00.0000,43.6,30,62,0.747,33.33,rain,8
2020-02-28 0:00:00.0000,33.6,8.3,34.3,0,0,,6
2020-02-29 0:00:00.0000,29,8.1,41.2,0,0,,6
2020-03-01 0:00:00.0000,25.8,6.8,44.6,0,0,,7
2020-03-02 0:00:00.0000,39.1,25.3,57.8,0,0,,5
2020-03-03 0:00:00.0000,50.8,40.7,69.1,0.034,12.5,rain,6
2020-03-04 0:00:00.0000,46.3,27.3,49.5,0.031,8.33,rain,5
2020-03-05 0:00:00.0000,43.4,21,42.7,0,0,,7
2020-03-06 0:00:00.0000,38.1,30,73,0,0,,5
2020-03-07 0:00:00.0000,35.8,5,30.5,0,0,,7
2020-03-08 0:00:00.0000,41.6,10,27.9,0,0,,6
2020-03-09 0:00:00.0000,57,21.8,28.1,0,0,,7
2020-03-10 0:00:00.0000,52.3,37.8,61.3,0,0,,5
2020-03-11 0:00:00.0000,47.5,33.8,60.1,0,0,,7
2020-03-12 0:00:00.0000,39.8,29.1,66.6,0,0,,3
2020-03-13 0:00:00.0000,47.6,40.2,78.4,0.292,33.33,rain,2
2020-03-14 0:00:00.0000,45,22.2,40.7,0,0,,7
2020-03-15 0:00:00.0000,39,14.2,37.4,0,0,,7
2020-03-16 0:00:00.0000,31.3,12.6,46.4,0,0,,7
2020-03-17 0:00:00.0000,37.9,32.6,81.6,0.035,12.5,"rain,snow",2
2020-03-18 0:00:00.0000,42.9,24.2,48.8,0,0,,7
2020-03-19 0:00:00.0000,40.6,36.8,86.9,0.566,45.83,rain,2
2020-03-20 0:00:00.0000,51.7,46.7,84.3,0.022,16.67,rain,5
2020-03-21 0:00:00.0000,44,23.1,44.3,0,0,,8
2020-03-22 0:00:00.0000,30.1,9.3,41.9,0,0,,8
2020-03-23 0:00:00.0000,34.2,25.5,71.4,1.043,33.33,"rain,snow",3
2020-03-24 0:00:00.0000,40.7,32.4,73.8,0.684,29.17,"rain,snow",7
2020-03-25 0:00:00.0000,39.9,31.1,70.6,0,0,,4
2020-03-26 0:00:00.0000,39.8,28.2,64.1,0,0,,8
2020-03-27 0:00:00.0000,52.1,26.7,42.9,0.011,4.17,rain,8
2020-03-28 0:00:00.0000,44.5,27.3,52.8,0.056,12.5,rain,6
2020-03-29 0:00:00.0000,41.3,39.1,92.2,0.739,83.33,rain,1
2020-03-30 0:00:00.0000,39.5,37.3,91.6,0.118,29.17,rain,3
2020-03-31 0:00:00.0000,36.2,29.5,77,0.012,4.17,rain,8
2020-04-01 0:00:00.0000,37.3,28.8,71.5,0,0,,4
2020-04-02 0:00:00.0000,41.7,34.4,75.6,0.102,41.67,rain,3
2020-04-03 0:00:00.0000,43.3,40.8,90.9,0.832,100,rain,1
2020-04-04 0:00:00.0000,40.8,36.2,83.8,0.113,16.67,rain,8
2020-04-05 0:00:00.0000,44.5,37.3,76,0,0,,5
2020-04-06 0:00:00.0000,51,28.7,47.8,0,0,,8
2020-04-07 0:00:00.0000,52.1,24.1,35.2,0,0,,9
2020-04-08 0:00:00.0000,45.3,38,75.9,0.07,16.67,rain,5
2020-04-09 0:00:00.0000,44.6,38.9,80.7,0.645,37.5,rain,1
2020-04-10 0:00:00.0000,42.3,25.9,52.7,0.012,8.33,rain,7
2020-04-11 0:00:00.0000,44.2,22.2,44.1,0,0,,9
2020-04-12 0:00:00.0000,48.3,26.6,44.3,0,0,,7
2020-04-13 0:00:00.0000,56.1,52.1,86.7,0.541,66.67,rain,1
2020-04-14 0:00:00.0000,52,28.4,42.4,0,0,,7
2020-04-15 0:00:00.0000,45.9,21.9,41.2,0,0,,8
2020-04-16 0:00:00.0000,40.8,19,43,0,0,,7
2020-04-17 0:00:00.0000,41.9,17.5,38.2,0,0,,9
2020-04-18 0:00:00.0000,37.3,32.8,84.5,0.676,62.5,"rain,snow",2
2020-04-19 0:00:00.0000,48.2,30.8,53.3,0,0,,8
2020-04-20 0:00:00.0000,46.3,31.1,55.7,0,0,,4
2020-04-21 0:00:00.0000,43,30.9,63.3,0.334,16.67,rain,6
2020-04-22 0:00:00.0000,38.7,15.2,38.6,0,0,,6
2020-04-23 0:00:00.0000,43.9,12.8,29,0,0,,9
2020-04-24 0:00:00.0000,42.6,34.4,73.8,0.215,45.83,rain,2
2020-04-25 0:00:00.0000,46.7,33.6,61.6,0,0,,8
2020-04-26 0:00:00.0000,44.3,35.6,72.4,0.21,33.33,rain,3
2020-04-27 0:00:00.0000,40.2,37.7,90.5,0.606,100,rain,2
2020-04-28 0:00:00.0000,41.4,32.9,71.9,0.038,8.33,rain,8
2020-04-29 0:00:00.0000,44.8,35.7,70.6,0,0,,9
2020-04-30 0:00:00.0000,45.8,39.6,79.2,0.004,8.33,rain,3
2020-05-01 0:00:00.0000,53.3,50.8,91.5,0.788,37.5,rain,3
2020-05-02 0:00:00.0000,58,35.7,47.7,0.026,12.5,rain,9
2020-05-03 0:00:00.0000,65.3,43.7,47.9,0,0,,9
2020-05-04 0:00:00.0000,61.4,37.7,43.5,0,0,,9
2020-05-05 0:00:00.0000,50.6,28.4,43.1,0,0,,9
2020-05-06 0:00:00.0000,46.3,34.2,63,0,0,,8
2020-05-07 0:00:00.0000,52.5,28.8,47.4,0.011,4.17,rain,8
2020-05-08 0:00:00.0000,49.7,30.1,51,0.186,20.83,rain,6
2020-05-09 0:00:00.0000,40.2,25.7,60,0.171,25,rain,9
2020-05-10 0:00:00.0000,47.1,24.9,43.5,0,0,,10
2020-05-11 0:00:00.0000,50.9,40.7,69.2,0.234,25,rain,6
2020-05-12 0:00:00.0000,48.5,27.6,47.5,0,0,,7
2020-05-13 0:00:00.0000,49.4,19.8,33.1,0,0,,9
2020-05-14 0:00:00.0000,57.8,24.3,29.1,0,0,,7
2020-05-15 0:00:00.0000,61.3,52.3,73.6,0.513,20.83,rain,6
2020-05-16 0:00:00.0000,60.3,49.7,70,0.19,12.5,rain,7
2020-05-17 0:00:00.0000,55.7,45.1,68.3,0,0,,5
2020-05-18 0:00:00.0000,53.3,43.8,70.6,0,0,,3
2020-05-19 0:00:00.0000,50.8,40,66.9,0,0,,6
2020-05-20 0:00:00.0000,51.5,36.8,58.2,0,0,,6
2020-05-21 0:00:00.0000,59.2,35.9,44.5,0,0,,6
2020-05-22 0:00:00.0000,69.1,49.7,52.7,0,0,,6
2020-05-23 0:00:00.0000,58.5,47.2,66.7,0,0,,3
2020-05-24 0:00:00.0000,49.8,40.1,69.8,0,0,,6
2020-05-25 0:00:00.0000,51,48.1,89.8,0,0,,4
2020-05-26 0:00:00.0000,58.3,54.6,88.2,0,0,,6
2020-05-27 0:00:00.0000,71,60.5,72,0,0,,6
2020-05-28 0:00:00.0000,70.8,63.6,78.7,0,0,,3
2020-05-29 0:00:00.0000,73.1,66.5,80.9,0,0,,5
2020-05-30 0:00:00.0000,73,56.9,61.5,0.089,8.33,rain,6
2020-05-31 0:00:00.0000,62.2,37,40.7,0,0,,6
2020-06-01 0:00:00.0000,56,30.1,38.4,0,0,,6
2020-06-02 0:00:00.0000,56.5,42.8,60.3,0.02,8.33,rain,6
2020-06-03 0:00:00.0000,66.9,55.3,67.4,0.011,4.17,rain,5
2020-06-04 0:00:00.0000,73.7,56.6,59.3,0,0,,6
2020-06-05 0:00:00.0000,72.5,64.3,76.2,0.157,8.33,rain,4
2020-06-06 0:00:00.0000,73.3,65.2,77.3,0.156,12.5,rain,6
2020-06-07 0:00:00.0000,60.3,52,74.5,0,0,,3
2020-06-08 0:00:00.0000,66.9,43.4,45.3,0,0,,6
2020-06-09 0:00:00.0000,66.6,47.3,50.8,0,0,,6
2020-06-10 0:00:00.0000,61.7,54.2,77.1,0,0,,6
2020-06-11 0:00:00.0000,68.1,63.9,86.8,0.637,20.83,rain,3
2020-06-12 0:00:00.0000,74.1,57.5,62.1,0.092,4.17,rain,7
2020-06-13 0:00:00.0000,63.5,43.6,48.6,0,0,,7
2020-06-14 0:00:00.0000,59.4,47.3,64.9,0,0,,6
2020-06-15 0:00:00.0000,59.1,49.8,72.2,0,0,,6
2020-06-16 0:00:00.0000,62.6,50,64.1,0,0,,6
2020-06-17 0:00:00.0000,65.1,53.7,68.4,0,0,,6
2020-06-18 0:00:00.0000,73.3,61.2,67.4,0,0,,6
2020-06-19 0:00:00.0000,77.2,63.9,65.6,0,0,,6
2020-06-20 0:00:00.0000,79.9,62.9,58.2,0,0,,6
2020-06-21 0:00:00.0000,77.1,65.2,67.6,0.003,8.33,rain,5
2020-06-22 0:00:00.0000,66.3,63.1,89.6,0,0,,6
2020-06-23 0:00:00.0000,74.2,65.2,76.1,0,0,,6
2020-06-24 0:00:00.0000,76.6,67,73.7,0.016,16.67,rain,5
2020-06-25 0:00:00.0000,76.8,52.5,44.5,0,0,,7
2020-06-26 0:00:00.0000,75.4,57.7,55.6,0,0,,5
2020-06-27 0:00:00.0000,73.1,57.2,59.7,0.024,8.33,rain,4
2020-06-28 0:00:00.0000,69.3,63.8,83.3,1.177,33.33,rain,6
2020-06-29 0:00:00.0000,66.4,63.8,91.4,0.262,45.83,rain,2
2020-06-30 0:00:00.0000,64.4,62.3,92.7,0.176,20.83,rain,2
2020-07-01 0:00:00.0000,66.6,63.9,91.2,0.073,20.83,rain,7
2020-07-02 0:00:00.0000,73.7,65.1,76.3,0.009,4.17,rain,7
2020-07-03 0:00:00.0000,69.1,62.7,80.5,0,0,,2
2020-07-04 0:00:00.0000,65.4,61,85.8,0,0,,6
2020-07-05 0:00:00.0000,70.6,65.1,83.2,0.042,8.33,rain,6
2020-07-06 0:00:00.0000,66.3,62.2,86.9,0.065,8.33,rain,6
2020-07-07 0:00:00.0000,69,58.8,72.8,0,0,,6
2020-07-08 0:00:00.0000,75.6,67.3,76.4,0,0,,4
2020-07-09 0:00:00.0000,78.1,70.1,77,0,0,,6
2020-07-10 0:00:00.0000,72.5,69,88.8,0,0,,5
2020-07-11 0:00:00.0000,78.7,70.6,77.9,0.012,8.33,rain,6
2020-07-12 0:00:00.0000,80.3,67,66,0,0,,7
2020-07-13 0:00:00.0000,75.9,65.7,71.2,0.074,16.67,rain,6
2020-07-14 0:00:00.0000,70.5,64.4,81.7,0.6,12.5,rain,5
2020-07-15 0:00:00.0000,65.3,59.4,81.7,0.052,8.33,rain,7
2020-07-16 0:00:00.0000,64.6,55.9,73.7,0,0,,7
2020-07-17 0:00:00.0000,65.5,59.7,81.5,0.112,16.67,rain,3
2020-07-18 0:00:00.0000,78.3,64.7,66.9,0,0,,7
2020-07-19 0:00:00.0000,82.2,67.1,62,0,0,,6
2020-07-20 0:00:00.0000,83.3,67.6,61.1,0,0,,6
2020-07-21 0:00:00.0000,82.7,57.9,43.8,0,0,,6
2020-07-22 0:00:00.0000,72.8,61.9,71,0.122,33.33,rain,6
2020-07-23 0:00:00.0000,75.8,70,83.8,0.783,25,rain,6
2020-07-24 0:00:00.0000,74.1,65.1,73.9,0,0,,5
2020-07-25 0:00:00.0000,76.6,64.6,67.8,0,0,,7
2020-07-26 0:00:00.0000,82.4,62.6,53.3,0,0,,6
2020-07-27 0:00:00.0000,86,64.8,50.4,0,0,,6
2020-07-28 0:00:00.0000,85.9,65.7,52.3,0.001,4.17,rain,7
2020-07-29 0:00:00.0000,79.4,58.9,50,0,0,,6
2020-07-30 0:00:00.0000,77.7,64.9,65.6,0,0,,7
2020-07-31 0:00:00.0000,74.3,62.5,67.4,0,0,,6
2020-08-01 0:00:00.0000,75.5,63.1,66.1,0,0,,6
2020-08-02 0:00:00.0000,77.2,67.4,73.9,0.076,12.5,rain,5
2020-08-03 0:00:00.0000,83.9,66.1,58.9,0,0,,6
2020-08-04 0:00:00.0000,74.4,67.4,79.1,0.17,8.33,rain,3
2020-08-05 0:00:00.0000,80.3,62.8,58.6,0,0,,7
2020-08-06 0:00:00.0000,75.8,54.3,47.7,0,0,,6
2020-08-07 0:00:00.0000,69.9,59.7,70.9,0,0,,6
2020-08-08 0:00:00.0000,71.1,59.5,68.3,0,0,,6
2020-08-09 0:00:00.0000,77.2,65.9,70.5,0,0,,6
2020-08-10 0:00:00.0000,82.3,66.4,61.8,0,0,,7
2020-08-11 0:00:00.0000,82.1,68.8,65.7,0,0,,6
2020-08-12 0:00:00.0000,80.9,68.1,67.2,0,0,,6
2020-08-13 0:00:00.0000,77.6,59.5,54.6,0,0,,5
2020-08-14 0:00:00.0000,72.9,61,67.3,0,0,,6
2020-08-15 0:00:00.0000,67.6,60,76.9,0,0,,2
2020-08-16 0:00:00.0000,66.7,61.9,84.6,0.133,16.67,rain,2
2020-08-17 0:00:00.0000,65.8,59.4,80.4,0.11,16.67,rain,5
2020-08-18 0:00:00.0000,74.3,57.9,62,0.157,16.67,rain,6
2020-08-19 0:00:00.0000,68.8,55.8,63.8,0.058,8.33,rain,5
2020-08-20 0:00:00.0000,70.4,50.3,52.1,0,0,,6
2020-08-21 0:00:00.0000,75.9,58.3,57.9,0,0,,6
2020-08-22 0:00:00.0000,73.7,63.9,71.7,0.017,16.67,rain,6
2020-08-23 0:00:00.0000,72.3,64.9,78.7,1.325,25,rain,6
2020-08-24 0:00:00.0000,75.9,67.8,77.6,0,0,,6
2020-08-25 0:00:00.0000,78.2,64.5,65.7,0,0,,5
2020-08-26 0:00:00.0000,68,42.7,41.3,0,0,,6
2020-08-27 0:00:00.0000,62.9,49.8,64,0.166,12.5,rain,1
2020-08-28 0:00:00.0000,68.6,59.2,73.8,0,0,,5
2020-08-29 0:00:00.0000,71.1,67.7,89,0.078,16.67,rain,2
2020-08-30 0:00:00.0000,70.3,51.2,52.4,0,0,,6
2020-08-31 0:00:00.0000,64.9,51.2,61.6,0,0,,6
2020-09-01 0:00:00.0000,65.9,57.2,74.2,0,0,,5
2020-09-02 0:00:00.0000,65.6,62.9,90.9,0.2,20.83,rain,1
2020-09-03 0:00:00.0000,71,67.5,89,0.012,8.33,rain,3
2020-09-04 0:00:00.0000,75,57.4,59.2,0,0,,6
2020-09-05 0:00:00.0000,69.2,45.6,44,0,0,,6
2020-09-06 0:00:00.0000,68.4,54,61,0,0,,5
2020-09-07 0:00:00.0000,70.1,57.6,67.7,0,0,,6
2020-09-08 0:00:00.0000,69.2,62.6,80.5,0,0,,5
2020-09-09 0:00:00.0000,69.9,63.4,80.7,0,0,,5
2020-09-10 0:00:00.0000,74.2,70.2,87.8,0.265,25,rain,3
2020-09-11 0:00:00.0000,64.6,57.5,78.2,0,0,,4
2020-09-12 0:00:00.0000,59.8,48.5,67.2,0,0,,6
2020-09-13 0:00:00.0000,64,55.1,74,0,0,,5
2020-09-14 0:00:00.0000,68.6,50.6,56.4,0,0,,5
2020-09-15 0:00:00.0000,55.7,41.6,59.3,0,0,,5
2020-09-16 0:00:00.0000,61.7,50.3,67.7,0,0,,5
2020-09-17 0:00:00.0000,67.3,54.3,65.7,0,0,,5
2020-09-18 0:00:00.0000,59.8,46.3,62.1,0,0,,4
2020-09-19 0:00:00.0000,53,30.3,42.3,0,0,,6
2020-09-20 0:00:00.0000,51.7,32.2,47.5,0,0,,6
2020-09-21 0:00:00.0000,52.9,35,51.3,0,0,,5
2020-09-22 0:00:00.0000,55.5,31.4,41.7,0,0,,3
2020-09-23 0:00:00.0000,65.9,44.7,47,0,0,,5
2020-09-24 0:00:00.0000,69,52.5,57.5,0,0,,5
2020-09-25 0:00:00.0000,63.8,55.7,75.7,0,0,,5
2020-09-26 0:00:00.0000,64.6,58.4,81.4,0,0,,5
2020-09-27 0:00:00.0000,68.8,64.5,86.6,0,0,,4
2020-09-28 0:00:00.0000,69.8,65.3,86.8,0.05,8.33,rain,5
2020-09-29 0:00:00.0000,68.9,62.6,81.4,0,0,,5
2020-09-30 0:00:00.0000,69.6,59.1,71.1,0.475,37.5,rain,4
2020-10-01 0:00:00.0000,65.3,53.6,67,0,0,,5
2020-10-02 0:00:00.0000,59.2,51.1,75.1,0.02,8.33,rain,2
2020-10-03 0:00:00.0000,55.8,45.9,70.2,0,0,,5
2020-10-04 0:00:00.0000,55.6,42.5,62.5,0,0,,5
2020-10-05 0:00:00.0000,56.7,51.6,83.4,0,0,,4
2020-10-06 0:00:00.0000,58.6,50.3,76.5,0,0,,5
2020-10-07 0:00:00.0000,61.8,50.7,68.7,0.02,8.33,rain,5
2020-10-08 0:00:00.0000,56.2,34.3,44.9,0,0,,5
2020-10-09 0:00:00.0000,51.6,30.3,45.8,0,0,,5
2020-10-10 0:00:00.0000,65.1,52.5,65.3,0,0,,4
2020-10-11 0:00:00.0000,57.7,44.1,60.7,0,0,,5
2020-10-12 0:00:00.0000,52.6,41.2,65.2,0,0,,2
2020-10-13 0:00:00.0000,54.8,52.4,91.8,1.477,75,rain,1
2020-10-14 0:00:00.0000,58.3,45.2,65.9,0.011,4.17,rain,5
2020-10-15 0:00:00.0000,59.6,50.2,73.6,0,0,,4
2020-10-16 0:00:00.0000,59.3,56.8,91.7,0.475,33.33,rain,2
2020-10-17 0:00:00.0000,50,38.1,67.9,1.418,41.67,rain,5
2020-10-18 0:00:00.0000,49.4,39.4,69.3,0,0,,4
2020-10-19 0:00:00.0000,51.2,45,79.9,0,0,,4
2020-10-20 0:00:00.0000,57.1,53.8,89.2,0,0,,3
2020-10-21 0:00:00.0000,58.8,57.6,95.9,0.063,20.83,rain,3
2020-10-22 0:00:00.0000,60.8,57.6,89.9,0,0,,4
2020-10-23 0:00:00.0000,57.2,54.5,91.1,0,0,,4
2020-10-24 0:00:00.0000,59.2,51.1,75.4,0,0,,3
2020-10-25 0:00:00.0000,46.1,33.6,61.7,0,0,,2
2020-10-26 0:00:00.0000,51,43.7,77.2,0.011,8.33,rain,1
2020-10-27 0:00:00.0000,50.9,40.9,70.1,0,0,,2
2020-10-28 0:00:00.0000,46.4,42.8,87.3,0.283,50,rain,1
2020-10-29 0:00:00.0000,46.3,42.9,87.9,0.868,50,rain,1
2020-10-30 0:00:00.0000,34.2,31.2,89,0.324,66.67,"rain,snow",1
2020-10-31 0:00:00.0000,33.9,23.7,67.2,0,0,,4
2020-11-01 0:00:00.0000,44.3,38.3,79.9,0.622,37.5,rain,2
2020-11-02 0:00:00.0000,38.7,23.7,55.6,0,0,,2
2020-11-03 0:00:00.0000,37.5,19.9,49.5,0,0,,4
2020-11-04 0:00:00.0000,43.4,30.1,60.1,0,0,,4
2020-11-05 0:00:00.0000,58.4,48.9,72.8,0,0,,4
2020-11-06 0:00:00.0000,61.3,47.8,64,0,0,,4
2020-11-07 0:00:00.0000,62.1,44.9,54.9,0,0,,4
2020-11-08 0:00:00.0000,57.4,45.9,67.2,0,0,,4
2020-11-09 0:00:00.0000,51.2,46.6,84.8,0,0,,4
2020-11-10 0:00:00.0000,60.2,50.2,71.3,0,0,,4
2020-11-11 0:00:00.0000,65.2,60,83.9,0,0,,2
2020-11-12 0:00:00.0000,58.1,49.2,73.6,0.012,4.17,rain,0
2020-11-13 0:00:00.0000,45.9,42.7,88.7,0.231,50,rain,0
2020-11-14 0:00:00.0000,43.1,31.8,65.7,0,0,,3
2020-11-15 0:00:00.0000,43.2,31.7,64.5,0.092,12.5,rain,4
2020-11-16 0:00:00.0000,49,33.4,56.6,0.309,12.5,rain,3
2020-11-17 0:00:00.0000,42.2,25.2,51.3,0,0,,3
2020-11-18 0:00:00.0000,29.9,11.7,46.7,0,0,,3
2020-11-19 0:00:00.0000,33.1,19.1,56.4,0,0,,3
2020-11-20 0:00:00.0000,53.2,33.6,48.1,0,0,,3
2020-11-21 0:00:00.0000,53.6,34.4,49,0,0,,4
2020-11-22 0:00:00.0000,42,32.5,69.1,0,0,,1
2020-11-23 0:00:00.0000,47.6,42.2,82.6,1.814,37.5,rain,0
2020-11-24 0:00:00.0000,37.1,20.2,51.2,0,0,,3
2020-11-25 0:00:00.0000,38.5,28,65.7,0.011,4.17,rain,2
2020-11-26 0:00:00.0000,49.7,47.8,92.9,0.292,41.67,rain,1
2020-11-27 0:00:00.0000,49.2,44.2,83.6,0,0,,2
2020-11-28 0:00:00.0000,47.6,35.9,64.3,0,0,,2
2020-11-29 0:00:00.0000,43.7,28.7,56.3,0,0,,3
2020-11-30 0:00:00.0000,49.6,46.4,88.6,0.843,50,rain,1
2020-12-01 0:00:00.0000,56,47.9,75.7,0.443,16.67,rain,2
2020-12-02 0:00:00.0000,39.8,25.8,57.2,0,0,,3
2020-12-03 0:00:00.0000,41.4,24.8,52.2,0,0,,3
2020-12-04 0:00:00.0000,48.6,32.7,55.7,0.023,8.33,rain,2
2020-12-05 0:00:00.0000,39.7,37.8,92.8,1.721,83.33,"rain,snow",0
2020-12-06 0:00:00.0000,33.7,22.5,63.8,0,0,,4
2020-12-07 0:00:00.0000,29.8,18.8,63.4,0,0,,3
2020-12-08 0:00:00.0000,28.8,18.8,66.1,0,0,,2
2020-12-09 0:00:00.0000,30.7,20.9,67.2,0,0,,2
2020-12-10 0:00:00.0000,38.3,27.1,64.6,0,0,,3
2020-12-11 0:00:00.0000,40.6,32.6,73.9,0,0,,3
2020-12-12 0:00:00.0000,42.2,41.2,96.1,0.482,29.17,rain,1
2020-12-13 0:00:00.0000,47.4,41.1,81.1,0,0,,3
2020-12-14 0:00:00.0000,36.2,29.4,76.4,0.068,25,"rain,snow",1
2020-12-15 0:00:00.0000,31.6,10.8,43.3,0,0,,3
2020-12-16 0:00:00.0000,22.8,8.6,54.4,0.006,4.17,"rain,snow",2
2020-12-17 0:00:00.0000,25,21.9,88.1,0.311,50,"rain,snow",2
2020-12-18 0:00:00.0000,25.4,13.4,60.3,0,0,,2
2020-12-19 0:00:00.0000,23.5,14.9,69.3,0,0,,3
2020-12-20 0:00:00.0000,30.3,24.8,80,0.032,12.5,"rain,snow",1
2020-12-21 0:00:00.0000,33.2,30,88.3,0,0,,1
2020-12-22 0:00:00.0000,38.2,26.7,63.4,0,0,,3
2020-12-23 0:00:00.0000,34.3,19.4,54.7,0,0,,3
2020-12-24 0:00:00.0000,42.7,39.1,87,0,0,,2
2020-12-25 0:00:00.0000,52.4,49.7,91.1,1.507,70.83,rain,1
2020-12-26 0:00:00.0000,32.3,18.1,55.6,0,0,,4
2020-12-27 0:00:00.0000,31.2,18.2,58.7,0,0,,3
2020-12-28 0:00:00.0000,38.9,32.4,77.8,0,0,,2
2020-12-29 0:00:00.0000,33.7,11.4,40.5,0,0,,3
2020-12-30 0:00:00.0000,30.8,13.9,50.4,0,0,,3
2020-12-31 0:00:00.0000,41.5,30.8,66.2,0.1,12.5,rain,1
2021-01-01 0:00:00.0000,33.5,22.4,63.9,0.032,4.17,rain,3
2021-01-02 0:00:00.0000,38.9,35,86.5,0.487,50,rain,1
2021-01-03 0:00:00.0000,32.3,26.7,79.8,0.031,8.33,"rain,snow",1
2021-01-04 0:00:00.0000,33.6,27.9,79.6,0,0,,3
2021-01-05 0:00:00.0000,31.4,27.2,84.1,0.011,4.17,"rain,snow",1
2021-01-06 0:00:00.0000,33.2,23.2,67.5,0,0,,3
2021-01-07 0:00:00.0000,34.1,17.5,50.7,0,0,,4
2021-01-08 0:00:00.0000,31.4,14.4,51.1,0,0,,4
2021-01-09 0:00:00.0000,29.8,14.6,52.8,0,0,,3
2021-01-10 0:00:00.0000,33.1,16.3,50.5,0,0,,4
2021-01-11 0:00:00.0000,31.3,17.4,56.5,0,0,,1
2021-01-12 0:00:00.0000,33.7,20.6,59.2,0,0,,4
2021-01-13 0:00:00.0000,35.4,23.2,60.9,0,0,,4
2021-01-14 0:00:00.0000,35,29.9,82.2,0.106,29.17,"rain,snow",1
2021-01-15 0:00:00.0000,36.9,31.9,82.6,0,0,,3
2021-01-16 0:00:00.0000,43.1,39.2,86.6,1.049,45.83,rain,2
2021-01-17 0:00:00.0000,38.8,24.9,57.5,0,0,,3
2021-01-18 0:00:00.0000,38.9,24.2,55.6,0,0,,3
2021-01-19 0:00:00.0000,33.2,18.5,55.3,0,0,,4
2021-01-20 0:00:00.0000,32.6,18.2,55.6,0,0,,2
2021-01-21 0:00:00.0000,26.4,13.8,59.3,0,0,,2
2021-01-22 0:00:00.0000,36.3,23.7,60.3,0,0,,4
2021-01-23 0:00:00.0000,27.1,10.1,49,0,0,,4
2021-01-24 0:00:00.0000,23,1.1,38.8,0,0,,4
2021-01-25 0:00:00.0000,26.5,5.7,41.8,0,0,,4
2021-01-26 0:00:00.0000,28.2,18.9,68.9,0.209,20.83,"rain,snow",3
2021-01-27 0:00:00.0000,31.6,28.2,87,0.086,29.17,"rain,snow",2
2021-01-28 0:00:00.0000,28.7,22.4,78.2,0.055,25,"rain,snow",1
2021-01-29 0:00:00.0000,13,-2.3,49.7,0,0,,4
2021-01-30 0:00:00.0000,13.5,-1.4,51.4,0,0,,4
2021-01-31 0:00:00.0000,15.6,4.3,60.5,0,0,,4
2021-02-01 0:00:00.0000,29.2,24.1,81.5,0.652,37.5,"rain,snow",1
2021-02-02 0:00:00.0000,31.7,30,93.4,0.249,45.83,"rain,snow",2
2021-02-03 0:00:00.0000,31.2,25.8,80.5,0,0,,3
2021-02-04 0:00:00.0000,32.3,24.3,72.8,0.011,4.17,"rain,snow",4
2021-02-05 0:00:00.0000,33.6,29.3,84.2,0.011,4.17,rain,2
2021-02-06 0:00:00.0000,35.3,19.1,54.9,0,0,,5
2021-02-07 0:00:00.0000,30.3,23.3,77.2,0.435,33.33,"rain,snow",1
2021-02-08 0:00:00.0000,23.8,8.3,52.4,0,0,,5
2021-02-09 0:00:00.0000,24.4,16.8,74.3,0.176,33.33,snow,2
2021-02-10 0:00:00.0000,24.8,13.2,62.9,0,0,,4
2021-02-11 0:00:00.0000,24.6,8.8,51.1,0,0,,4
2021-02-12 0:00:00.0000,19.4,-1,40.7,0,0,,5
2021-02-13 0:00:00.0000,23.2,6.9,50.7,0,0,,4
2021-02-14 0:00:00.0000,29.9,20.3,67.4,0,0,,3
2021-02-15 0:00:00.0000,29.6,24.7,82.5,0.033,12.5,"rain,snow",1
2021-02-16 0:00:00.0000,35.3,34,95.8,0.639,50,"rain,snow",2
2021-02-17 0:00:00.0000,27,7.7,44.3,0,0,,5
2021-02-18 0:00:00.0000,27.2,14.2,60.3,0.092,16.67,"rain,snow",2
2021-02-19 0:00:00.0000,27.4,24.7,89.7,0.424,70.83,"rain,snow",1
2021-02-20 0:00:00.0000,27.3,17.9,69,0,0,,3
2021-02-21 0:00:00.0000,26.2,9.7,50.5,0,0,,5
2021-02-22 0:00:00.0000,31.1,23.5,74,0.17,29.17,rain,4
2021-02-23 0:00:00.0000,37.6,28.9,71.6,0,0,,5
2021-02-24 0:00:00.0000,43.1,27.8,55.4,0,0,,6
2021-02-25 0:00:00.0000,42,21.5,45.2,0,0,,6
2021-02-26 0:00:00.0000,32.6,15.6,50.3,0,0,,6
2021-02-27 0:00:00.0000,37.5,34.2,87.9,0.178,29.17,"rain,snow",1
2021-02-28 0:00:00.0000,38.9,30.7,72.7,0,0,,2
2021-03-01 0:00:00.0000,38.4,31.8,80.5,0.205,37.5,rain,1
2021-03-02 0:00:00.0000,21.6,-5.7,29.6,0,0,,6
2021-03-03 0:00:00.0000,36.5,13.2,38.3,0,0,,6
2021-03-04 0:00:00.0000,36.9,15.6,43.2,0,0,,8
2021-03-05 0:00:00.0000,28.8,-1.1,28.9,0,0,,6
2021-03-06 0:00:00.0000,28.4,4.8,36.5,0,0,,6
2021-03-07 0:00:00.0000,30.1,6.6,37.1,0,0,,7
2021-03-08 0:00:00.0000,32.2,12.9,44.9,0,0,,6
2021-03-09 0:00:00.0000,47,20,34.8,0,0,,7
2021-03-10 0:00:00.0000,41.8,27.6,57.4,0,0,,6
2021-03-11 0:00:00.0000,53.1,36.5,58.4,0,0,,6
2021-03-12 0:00:00.0000,58,24.1,30.3,0,0,,6
2021-03-13 0:00:00.0000,41.1,7.8,25.6,0,0,,7
2021-03-14 0:00:00.0000,38.1,12.5,35.5,0,0,,7
2021-03-15 0:00:00.0000,23.1,-6.1,28,0,0,,7
2021-03-16 0:00:00.0000,27.9,2.2,33,0,0,,7
2021-03-17 0:00:00.0000,40.8,22,47.9,0,0,,6
2021-03-18 0:00:00.0000,43.4,35.5,74,0.576,33.33,rain,2
2021-03-19 0:00:00.0000,37.8,10.2,35,0.018,4.17,rain,7
2021-03-20 0:00:00.0000,45.5,11.9,25.9,0,0,,8
2021-03-21 0:00:00.0000,47.1,24.4,42,0,0,,7
2021-03-22 0:00:00.0000,46.5,31.6,57.4,0,0,,7
2021-03-23 0:00:00.0000,48.4,39.3,71,0,0,,7
2021-03-24 0:00:00.0000,47.8,41.3,78.3,0,0,,5
2021-03-25 0:00:00.0000,51.4,47,85,0.137,29.17,rain,4
2021-03-26 0:00:00.0000,60.6,52.7,76.6,0.012,8.33,rain,3
2021-03-27 0:00:00.0000,50.1,34.8,56.5,0,0,,8
2021-03-28 0:00:00.0000,47.6,42.7,83.1,0.564,37.5,rain,1
2021-03-29 0:00:00.0000,49.1,24.5,41.7,0.113,12.5,rain,9
2021-03-30 0:00:00.0000,47,25.4,44,0,0,,7
2021-03-31 0:00:00.0000,57.1,45.8,67.3,0.008,4.17,rain,7
2021-04-01 0:00:00.0000,47.1,39.5,76.2,1.094,45.83,rain,3
2021-04-02 0:00:00.0000,34.3,13.9,43,0,0,,8
2021-04-03 0:00:00.0000,39.1,14.4,38,0,0,,8
2021-04-04 0:00:00.0000,49.1,14.9,26.5,0,0,,8
2021-04-05 0:00:00.0000,52,21,29.6,0,0,,4
2021-04-06 0:00:00.0000,51.4,31.6,47.4,0,0,,8
2021-04-07 0:00:00.0000,51.5,39.5,63.6,0,0,,5
2021-04-08 0:00:00.0000,52.4,42.3,68.9,0,0,,7
2021-04-09 0:00:00.0000,51.7,42.2,70.5,0,0,,7
2021-04-10 0:00:00.0000,60.6,47,62.4,0,0,,7
2021-04-11 0:00:00.0000,49,43,79.8,0,0,,2
2021-04-12 0:00:00.0000,46.6,39.9,77.5,0,0,,3
2021-04-13 0:00:00.0000,50.4,37.6,61.9,0,0,,7
2021-04-14 0:00:00.0000,48.7,38.6,68.1,0,0,,7
2021-04-15 0:00:00.0000,47.5,38.3,70.6,0.151,12.5,rain,3
2021-04-16 0:00:00.0000,41,37.8,88.1,1.661,95.83,"rain,snow",1
2021-04-17 0:00:00.0000,43.6,34.5,71.5,0.091,33.33,rain,5
2021-04-18 0:00:00.0000,51.8,35.4,55.1,0,0,,7
2021-04-19 0:00:00.0000,55.3,40.8,58.8,0.012,4.17,rain,7
2021-04-20 0:00:00.0000,63,39.2,44.4,0,0,,8
2021-04-21 0:00:00.0000,56.7,44.3,64.4,0.241,20.83,rain,7
2021-04-22 0:00:00.0000,40.6,18.4,41.7,0,0,,7
2021-04-23 0:00:00.0000,49.7,21.9,34.6,0,0,,9
2021-04-24 0:00:00.0000,61.9,28.6,29.5,0,0,,9
2021-04-25 0:00:00.0000,53.5,40.3,61.9,0.115,16.67,rain,4
2021-04-26 0:00:00.0000,51.2,27.2,41.4,0,0,,8
2021-04-27 0:00:00.0000,55.4,24,30.1,0,0,,6
2021-04-28 0:00:00.0000,53.4,43.3,70.1,0.224,16.67,rain,7
2021-04-29 0:00:00.0000,49.1,45.6,87.9,0.822,50,rain,2
2021-04-30 0:00:00.0000,55.8,42.7,64.1,0.111,16.67,rain,7
2021-05-01 0:00:00.0000,53.8,33,50,0.137,12.5,rain,8
2021-05-02 0:00:00.0000,63.6,38.6,41.1,0.012,4.17,rain,6
2021-05-03 0:00:00.0000,58.3,42.8,57.2,0.011,4.17,rain,8
2021-05-04 0:00:00.0000,50.2,44.1,79.9,0.654,54.17,rain,2
2021-05-05 0:00:00.0000,48.9,45.1,86.6,0.536,58.33,rain,1
2021-05-06 0:00:00.0000,58.2,37,50.6,0.011,4.17,rain,9
2021-05-07 0:00:00.0000,52.3,36.3,55,0,0,,8
2021-05-08 0:00:00.0000,50.8,37.1,59.5,0,0,,4
2021-05-09 0:00:00.0000,59.2,36.3,45.2,0,0,,8
2021-05-10 0:00:00.0000,54.9,44.7,69.3,0.343,25,rain,4
2021-05-11 0:00:00.0000,58.8,30.6,37.6,0,0,,8
2021-05-12 0:00:00.0000,57.2,33.2,41.2,0,0,,8
2021-05-13 0:00:00.0000,60.6,35.8,40.9,0,0,,6
2021-05-14 0:00:00.0000,65.7,37.1,35.6,0,0,,9
2021-05-15 0:00:00.0000,67.3,40.5,37.8,0,0,,7
2021-05-16 0:00:00.0000,67.2,40.1,38.2,0.011,8.33,rain,8
2021-05-17 0:00:00.0000,63.8,46.7,54.4,0,0,,8
2021-05-18 0:00:00.0000,72.6,43.7,37.8,0,0,,8
2021-05-19 0:00:00.0000,68.1,43.8,41.7,0,0,,8
2021-05-20 0:00:00.0000,62.2,48.4,61.2,0,0,,8
2021-05-21 0:00:00.0000,67.6,49.5,54.3,0,0,,7
2021-05-22 0:00:00.0000,73.6,55.6,54.6,0,0,,7
2021-05-23 0:00:00.0000,77.8,58,51.4,0,0,,8
2021-05-24 0:00:00.0000,61.3,42.3,50.6,0,0,,9
2021-05-25 0:00:00.0000,65.5,46,50.5,0,0,,8
2021-05-26 0:00:00.0000,75.9,60,59.8,0.21,12.5,rain,8
2021-05-27 0:00:00.0000,73.5,55.3,56.1,0.085,12.5,rain,8
2021-05-28 0:00:00.0000,56,37.6,52,0.526,16.67,rain,6
2021-05-29 0:00:00.0000,49,43.4,81.1,1.636,66.67,rain,2
2021-05-30 0:00:00.0000,50.5,45.4,82.8,0.717,54.17,rain,1
2021-05-31 0:00:00.0000,56.1,49,77.7,0.157,37.5,rain,3
2021-06-01 0:00:00.0000,66.7,47,51,0,0,,7
2021-06-02 0:00:00.0000,69.2,53.2,57.7,0,0,,8
2021-06-03 0:00:00.0000,68.2,59.1,73,0,0,,5
2021-06-04 0:00:00.0000,72.1,63.6,74.9,0.106,4.17,rain,5
2021-06-05 0:00:00.0000,79.1,62.2,59.5,0,0,,8
2021-06-06 0:00:00.0000,84.8,60,44.5,0,0,,8
2021-06-07 0:00:00.0000,84.7,65.4,53.6,0,0,,9
2021-06-08 0:00:00.0000,83.5,68.6,62,0,0,,8
2021-06-09 0:00:00.0000,80.4,67.9,67.7,0.049,12.5,rain,8
2021-06-10 0:00:00.0000,68.6,47.3,47.2,0,0,,8
2021-06-11 0:00:00.0000,61.7,49.1,63.7,0.009,4.17,rain,7
2021-06-12 0:00:00.0000,64.5,57.1,77.8,0.692,37.5,rain,6
2021-06-13 0:00:00.0000,73.1,54.8,56.3,0,0,,9
2021-06-14 0:00:00.0000,64.6,58.3,80.3,0.53,33.33,rain,2
2021-06-15 0:00:00.0000,67.3,62.5,84.8,0.029,16.67,rain,6
2021-06-16 0:00:00.0000,69.3,47.5,49.3,0,0,,9
2021-06-17 0:00:00.0000,71,43,38.1,0,0,,8
2021-06-18 0:00:00.0000,73.8,48.1,41.7,0,0,,8
2021-06-19 0:00:00.0000,78.8,58.4,51.3,0.002,8.33,rain,8
2021-06-20 0:00:00.0000,79.1,60,53.1,0,0,,9
2021-06-21 0:00:00.0000,78.1,68,71.7,0,0,,8
2021-06-22 0:00:00.0000,74,65.5,76.1,0.899,29.17,rain,6
2021-06-23 0:00:00.0000,65.3,49.1,57.6,0.001,4.17,rain,8
2021-06-24 0:00:00.0000,66,53.4,65.1,0,0,,9
2021-06-25 0:00:00.0000,64.2,59.9,86.1,0.094,29.17,rain,4
2021-06-26 0:00:00.0000,75.9,67,74.6,0,0,,7
2021-06-27 0:00:00.0000,81.3,69.5,68.4,0,0,,7
2021-06-28 0:00:00.0000,85.8,71.2,63,0,0,,8
2021-06-29 0:00:00.0000,88.8,71.3,57.9,0,0,,8
2021-06-30 0:00:00.0000,85.8,70.4,62.7,0.175,20.83,rain,8
2021-07-01 0:00:00.0000,76.9,67.6,73.9,0.909,16.67,rain,5
2021-07-02 0:00:00.0000,63.2,60,89.6,2.007,54.17,rain,1
2021-07-03 0:00:00.0000,58.6,56.1,91.4,1.549,54.17,rain,2
2021-07-04 0:00:00.0000,61.3,56.3,83.8,0.397,25,rain,4
2021-07-05 0:00:00.0000,66,58.1,76.2,0.012,4.17,rain,8
2021-07-06 0:00:00.0000,77.7,68.4,74.3,0.292,20.83,rain,7
2021-07-07 0:00:00.0000,80.2,67.5,66.9,0.039,4.17,rain,9
2021-07-08 0:00:00.0000,67.4,60.1,78.1,0.215,20.83,rain,4
2021-07-09 0:00:00.0000,69,64.6,86.5,2.062,62.5,rain,3
2021-07-10 0:00:00.0000,70.2,61.6,74.7,0.15,16.67,rain,4
2021-07-11 0:00:00.0000,71.8,63.7,76.3,0.032,12.5,rain,7
2021-07-12 0:00:00.0000,67.9,64.3,88.3,1.216,33.33,rain,2
2021-07-13 0:00:00.0000,66.9,62.7,86.4,0.012,4.17,rain,4
2021-07-14 0:00:00.0000,70.1,66.4,88.4,0,0,,4
2021-07-15 0:00:00.0000,74.1,68.3,82.2,0,0,,8
2021-07-16 0:00:00.0000,82.5,69.9,67.7,0.019,4.17,rain,8
2021-07-17 0:00:00.0000,74.4,65.7,74.6,0.179,20.83,rain,7
2021-07-18 0:00:00.0000,70.4,66.4,87,0.314,37.5,rain,2
2021-07-19 0:00:00.0000,68.9,65,87.5,0.002,8.33,rain,2
2021-07-20 0:00:00.0000,78.9,65.8,65.7,0,0,,7
2021-07-21 0:00:00.0000,76.8,62.4,62.6,0.007,4.17,rain,7
2021-07-22 0:00:00.0000,71.5,58.3,63.6,0,0,,8
2021-07-23 0:00:00.0000,73.4,57.2,57.5,0,0,,8
2021-07-24 0:00:00.0000,71.5,57.5,61.7,0,0,,8
2021-07-25 0:00:00.0000,71.8,65.3,80.1,0.153,20.83,rain,3
2021-07-26 0:00:00.0000,81.3,64.1,60.3,0,0,,8
2021-07-27 0:00:00.0000,78,62.4,60.4,0.12,8.33,rain,8
2021-07-28 0:00:00.0000,69.5,59.9,72.3,0.092,4.17,rain,7
2021-07-29 0:00:00.0000,72,60,66.5,0.002,8.33,rain,9
2021-07-30 0:00:00.0000,73.8,58.1,60.7,0.153,16.67,rain,9
2021-07-31 0:00:00.0000,69.1,46.8,45.5,0,0,,9
2021-08-01 0:00:00.0000,70.6,53.8,55.9,0,0,,7
2021-08-02 0:00:00.0000,74.3,56.5,55.7,0,0,,7
2021-08-03 0:00:00.0000,71.8,57.3,60.7,0,0,,5
2021-08-04 0:00:00.0000,70.6,62.3,75.4,0.033,12.5,rain,5
2021-08-05 0:00:00.0000,67.1,63.6,88.6,1.961,75,rain,2
2021-08-06 0:00:00.0000,76.4,65.7,71.1,0,0,,8
2021-08-07 0:00:00.0000,80.8,65.6,61.3,0,0,,7
2021-08-08 0:00:00.0000,76.5,66.1,70.9,0,0,,5
2021-08-09 0:00:00.0000,71.5,66.3,83.9,1.08,20.83,rain,5
2021-08-10 0:00:00.0000,70.5,65.6,84.6,0.077,33.33,rain,6
2021-08-11 0:00:00.0000,82.4,71.6,71.4,0,0,,7
2021-08-12 0:00:00.0000,84.6,71.5,66.9,0.001,4.17,rain,7
2021-08-13 0:00:00.0000,82.6,70.5,67.4,0,0,,7
2021-08-14 0:00:00.0000,85.5,68.9,59,0.011,8.33,rain,7
2021-08-15 0:00:00.0000,75.2,55.9,51.8,0,0,,7
2021-08-16 0:00:00.0000,71.7,58.9,64.4,0,0,,7
2021-08-17 0:00:00.0000,75.8,63.4,67,0,0,,7
2021-08-18 0:00:00.0000,78.6,64.5,62.7,0,0,,6
2021-08-19 0:00:00.0000,77.5,70.9,80.7,1.146,29.17,rain,4
2021-08-20 0:00:00.0000,76.3,70.6,82.8,0.05,12.5,rain,2
2021-08-21 0:00:00.0000,76.6,70.8,82.7,0,0,,7
2021-08-22 0:00:00.0000,72.4,69.3,90.1,0.759,33.33,rain,3
2021-08-23 0:00:00.0000,72.4,69.1,89.4,1.201,25,rain,6
2021-08-24 0:00:00.0000,79.5,69.4,73.5,0.473,12.5,rain,7
2021-08-25 0:00:00.0000,83.6,67.6,60.4,0,0,,7
2021-08-26 0:00:00.0000,85.5,69.9,61,0,0,,7
2021-08-27 0:00:00.0000,81.9,69.3,66.3,0,0,,7
2021-08-28 0:00:00.0000,69.7,56.9,64,0.07,12.5,rain,5
2021-08-29 0:00:00.0000,68.9,59.2,71.3,0.078,16.67,rain,3
2021-08-30 0:00:00.0000,78.7,69.3,73.7,0.001,4.17,rain,4
2021-08-31 0:00:00.0000,78.4,61.9,58.6,0.02,8.33,rain,5
2021-09-01 0:00:00.0000,70.1,60,71,0.826,41.67,rain,2
2021-09-02 0:00:00.0000,66.8,55.6,69.5,3.386,37.5,rain,6
2021-09-03 0:00:00.0000,67.5,50.8,56.2,0,0,,8
2021-09-04 0:00:00.0000,71.4,53.6,54.5,0,0,,7
2021-09-05 0:00:00.0000,69.4,60.9,74.6,0.012,4.17,rain,3
2021-09-06 0:00:00.0000,75.2,60.6,63.8,0.038,8.33,rain,7
2021-09-07 0:00:00.0000,73,53.9,52.1,0,0,,7
2021-09-08 0:00:00.0000,74.7,62.2,66.4,0,0,,7
2021-09-09 0:00:00.0000,73.6,67.8,82.3,0.579,58.33,rain,2
2021-09-10 0:00:00.0000,70.6,57.5,65.3,0.569,16.67,rain,6
2021-09-11 0:00:00.0000,68.7,50.8,54,0,0,,7
2021-09-12 0:00:00.0000,74.1,62.4,67.7,0,0,,6
2021-09-13 0:00:00.0000,75.5,59.1,58.4,0.063,12.5,rain,7
2021-09-14 0:00:00.0000,68.6,56.6,65.9,0,0,,7
2021-09-15 0:00:00.0000,76.7,67.4,73.7,0.001,4.17,rain,5
2021-09-16 0:00:00.0000,69.4,62.8,79.7,0.312,25,rain,2
2021-09-17 0:00:00.0000,66.7,62.1,85.4,0,0,,2
2021-09-18 0:00:00.0000,68.6,63.9,85.3,0.029,8.33,rain,5
2021-09-19 0:00:00.0000,67.6,55.8,67.1,0.289,16.67,rain,7
2021-09-20 0:00:00.0000,64.7,54.4,69.8,0,0,,7
2021-09-21 0:00:00.0000,65.9,58.4,76.9,0,0,,7
2021-09-22 0:00:00.0000,72.4,65.9,80.5,0,0,,3
2021-09-23 0:00:00.0000,72.8,65.8,79.5,0.031,4.17,rain,5
2021-09-24 0:00:00.0000,74.4,66.5,77.4,0.005,16.67,rain,2
2021-09-25 0:00:00.0000,68.5,56.9,67.6,0.012,8.33,rain,5
2021-09-26 0:00:00.0000,68.8,54.6,64.1,0.563,29.17,rain,7
2021-09-27 0:00:00.0000,67.9,51.5,56.2,0,0,,5
2021-09-28 0:00:00.0000,68.1,59.4,74.5,0.71,45.83,rain,2
2021-09-29 0:00:00.0000,59.3,45.9,61.6,0,0,,6
2021-09-30 0:00:00.0000,58.3,44.1,59.8,0,0,,5
2021-10-01 0:00:00.0000,59.4,43.3,57,0,0,,6
2021-10-02 0:00:00.0000,63.9,49.8,61,0,0,,5
2021-10-03 0:00:00.0000,62.6,56.5,80.5,0.001,4.17,rain,4
2021-10-04 0:00:00.0000,60.4,55.4,83.6,0.923,91.67,rain,1
2021-10-05 0:00:00.0000,58.1,52.9,82.9,0.613,20.83,rain,1
2021-10-06 0:00:00.0000,61.9,51.5,69.6,0,0,,6
2021-10-07 0:00:00.0000,64.1,55.2,73.6,0,0,,6
2021-10-08 0:00:00.0000,64.4,54.7,71.2,0,0,,6
2021-10-09 0:00:00.0000,62.5,51.8,68.4,0,0,,4
2021-10-10 0:00:00.0000,63.1,55.5,76.5,0,0,,3
2021-10-11 0:00:00.0000,64.3,58.8,82.3,0,0,,5
2021-10-12 0:00:00.0000,64.8,57.3,78,0,0,,6
2021-10-13 0:00:00.0000,67.7,56.4,68.9,0,0,,5
2021-10-14 0:00:00.0000,66.4,58.3,76,0,0,,5
2021-10-15 0:00:00.0000,64.6,61,88.5,0,0,,5
2021-10-16 0:00:00.0000,69.7,63.4,80.8,0,0,,5
2021-10-17 0:00:00.0000,59.3,47.6,67.3,0.335,25,rain,6
2021-10-18 0:00:00.0000,53.9,38.3,57.3,0,0,,6
2021-10-19 0:00:00.0000,53.6,36,53.3,0,0,,5
2021-10-20 0:00:00.0000,60.8,47.9,63.6,0,0,,5
2021-10-21 0:00:00.0000,66.5,49.8,56.1,0,0,,5
2021-10-22 0:00:00.0000,64.6,52.9,68.2,0,0,,6
2021-10-23 0:00:00.0000,53.8,38.3,55.9,0,0,,5
2021-10-24 0:00:00.0000,50.5,32.5,51.4,0,0,,5
2021-10-25 0:00:00.0000,53,50.7,92.4,0.735,50,rain,0
2021-10-26 0:00:00.0000,56.6,55.4,95.6,0.953,79.17,rain,1
2021-10-27 0:00:00.0000,49.8,46.7,89.2,0.196,70.83,rain,1
2021-10-28 0:00:00.0000,47,38.6,72.7,0,0,,2
2021-10-29 0:00:00.0000,46.3,39.4,76.8,0,0,,2
2021-10-30 0:00:00.0000,55.6,53.3,92.2,0.947,58.33,rain,1
2021-10-31 0:00:00.0000,59.5,53.3,81.3,0.487,37.5,rain,5
2021-11-01 0:00:00.0000,54.4,38.8,58,0,0,,5
2021-11-02 0:00:00.0000,51.1,32.1,48.4,0,0,,4
2021-11-03 0:00:00.0000,46.6,29.5,52.1,0,0,,5
2021-11-04 0:00:00.0000,42.6,29.8,61.5,0,0,,5
2021-11-05 0:00:00.0000,43.6,25.7,52.4,0,0,,5
2021-11-06 0:00:00.0000,42.9,28,56.1,0,0,,5
2021-11-07 0:00:00.0000,44.1,32.5,64.7,0,0,,5
2021-11-08 0:00:00.0000,48.9,34.7,59.5,0,0,,4
2021-11-09 0:00:00.0000,55.2,41,60.9,0,0,,4
2021-11-10 0:00:00.0000,54.8,40.2,59,0,0,,4
2021-11-11 0:00:00.0000,48.5,32.9,55.2,0,0,,4
2021-11-12 0:00:00.0000,56.2,50.9,82.4,0.562,41.67,rain,1
2021-11-13 0:00:00.0000,49,40.8,74.4,0.19,8.33,rain,4
2021-11-14 0:00:00.0000,44.1,32,63,0,0,,4
2021-11-15 0:00:00.0000,44.1,33.5,67.6,0.082,16.67,rain,4
2021-11-16 0:00:00.0000,41.9,25.2,52.3,0,0,,4
2021-11-17 0:00:00.0000,41.9,29.4,61.4,0,0,,3
2021-11-18 0:00:00.0000,59.4,51.2,75.4,0,0,,4
2021-11-19 0:00:00.0000,44.6,30.3,58.9,0.278,20.83,rain,4
2021-11-20 0:00:00.0000,38.6,21.3,50,0,0,,6
2021-11-21 0:00:00.0000,46.6,38.5,73.8,0,0,,3
2021-11-22 0:00:00.0000,50.4,40.8,71.5,0.216,29.17,rain,2
2021-11-23 0:00:00.0000,34.3,15.3,45.8,0,0,,4
2021-11-24 0:00:00.0000,34.7,11.3,39.3,0,0,,4
2021-11-25 0:00:00.0000,44.4,22.8,42.6,0,0,,3
2021-11-26 0:00:00.0000,42.9,33.8,71.6,0.045,16.67,rain,1
2021-11-27 0:00:00.0000,34.7,21,57.9,0,0,,4
2021-11-28 0:00:00.0000,34.2,18.4,52.2,0,0,,3
2021-11-29 0:00:00.0000,35,20.3,54.9,0,0,,2
2021-11-30 0:00:00.0000,33.3,17.5,52.4,0,0,,4
2021-12-01 0:00:00.0000,39.5,27.1,62.3,0,0,,2
2021-12-02 0:00:00.0000,48.1,39.4,72.4,0.013,8.33,rain,3
2021-12-03 0:00:00.0000,40.2,22,49.4,0.011,4.17,rain,5
2021-12-04 0:00:00.0000,35.6,20.1,53.1,0,0,,3
2021-12-05 0:00:00.0000,41.1,22.8,49.1,0,0,,4
2021-12-06 0:00:00.0000,52.8,45.9,78,0.223,16.67,rain,2
2021-12-07 0:00:00.0000,39.3,20,46.1,0.001,4.17,rain,3
2021-12-08 0:00:00.0000,34.3,23.6,66.4,0,0,,1
2021-12-09 0:00:00.0000,31.3,19.3,62.7,0.011,4.17,snow,4
2021-12-10 0:00:00.0000,36.2,25.1,64.5,0,0,,2
2021-12-11 0:00:00.0000,48.6,44.8,87.2,0.26,20.83,rain,0
2021-12-12 0:00:00.0000,44.7,22.1,42.1,0.042,8.33,rain,4
2021-12-13 0:00:00.0000,44.1,20.9,39.7,0,0,,3
2021-12-14 0:00:00.0000,45.2,18,34.3,0,0,,4
2021-12-15 0:00:00.0000,38.6,22,52.9,0.019,4.17,rain,3
2021-12-16 0:00:00.0000,54.4,46.2,75.4,0.176,29.17,rain,1
2021-12-17 0:00:00.0000,54.1,25.7,36.4,0,0,,4
2021-12-18 0:00:00.0000,39,28.2,67.5,0.474,37.5,"rain,snow",1
2021-12-19 0:00:00.0000,33.4,27,78.2,0.468,37.5,"rain,snow",2
2021-12-20 0:00:00.0000,26.2,12.2,55.8,0,0,,4
2021-12-21 0:00:00.0000,36.4,21.9,56.2,0,0,,3
2021-12-22 0:00:00.0000,38.7,31.4,76.2,0.092,12.5,rain,1
2021-12-23 0:00:00.0000,29.6,4.7,35.4,0,0,,4
2021-12-24 0:00:00.0000,26.7,11.8,56.2,0,0,,1
2021-12-25 0:00:00.0000,32.4,29.9,90.6,0.324,37.5,"rain,snow",0
2021-12-26 0:00:00.0000,35.9,29.9,79.2,0.24,20.83,"rain,snow",2
2021-12-27 0:00:00.0000,32.8,22.6,65.6,0,0,,2
2021-12-28 0:00:00.0000,39,30.8,74.2,0.045,20.83,"rain,snow",3
2021-12-29 0:00:00.0000,39.9,30,68.1,0,0,,2
2021-12-30 0:00:00.0000,40.2,36.7,87.7,0.058,16.67,rain,1
2021-12-31 0:00:00.0000,42.6,40.7,93,0,0,,1
2022-01-01 0:00:00.0000,46.9,46.4,98.2,0.047,12.5,rain,0
2022-01-02 0:00:00.0000,43,40.2,90,0.229,37.5,rain,1
2022-01-03 0:00:00.0000,26.9,11.5,52,0,0,,1
2022-01-04 0:00:00.0000,24,4.5,43.2,0,0,,4
2022-01-05 0:00:00.0000,40.9,36.4,84.1,0.126,25,rain,1
2022-01-06 0:00:00.0000,37.5,25.4,63.1,0,0,,3
2022-01-07 0:00:00.0000,29.7,22.8,76.5,0.419,33.33,"rain,snow",2
2022-01-08 0:00:00.0000,22.4,7,51.9,0,0,,4
2022-01-09 0:00:00.0000,35,26.3,70.6,0.012,8.33,rain,2
2022-01-10 0:00:00.0000,29.5,9.8,44.1,0,0,snow,4
2022-01-11 0:00:00.0000,12.8,-6.2,42.7,0,0,snow,4
2022-01-12 0:00:00.0000,27.8,11.5,51,0,0,,4
2022-01-13 0:00:00.0000,36.4,26.5,68.2,0,0,,4
2022-01-14 0:00:00.0000,34.5,24.7,69.2,0,0,,1
2022-01-15 0:00:00.0000,9.8,-12.8,34.9,0,0,,4
2022-01-16 0:00:00.0000,16.6,-0.7,46.7,0,0,,4
2022-01-17 0:00:00.0000,40.3,34.9,81.5,0.744,37.5,"rain,snow",3
2022-01-18 0:00:00.0000,28.3,9.3,45.2,0,0,,4
2022-01-19 0:00:00.0000,33.6,18.9,54.8,0,0,,3
2022-01-20 0:00:00.0000,33.9,22.6,65.1,0.15,25,"rain,snow",1
2022-01-21 0:00:00.0000,16.1,-1.3,45.7,0,0,,4
2022-01-22 0:00:00.0000,19,6.5,58.5,0,0,snow,5
2022-01-23 0:00:00.0000,27.3,12.8,56.6,0,0,snow,4
2022-01-24 0:00:00.0000,27.1,15.9,63.4,0.011,4.17,snow,4
2022-01-25 0:00:00.0000,33.3,24.1,71.2,0.061,12.5,"rain,freezingrain,snow",2
2022-01-26 0:00:00.0000,21.6,0.6,39.7,0,0,,4
2022-01-27 0:00:00.0000,18,-1.9,42.1,0,0,,5
2022-01-28 0:00:00.0000,30.6,17,57.1,0,0,snow,2
2022-01-29 0:00:00.0000,19.2,15.6,85.7,0.454,75,snow,0
2022-01-30 0:00:00.0000,16.6,-4.5,39,0,0,,5
2022-01-31 0:00:00.0000,21.8,3.9,46,0,0,,5
2022-02-01 0:00:00.0000,27.4,18,67.5,0,0,snow,1
2022-02-02 0:00:00.0000,35.8,31.8,85.6,0,0,,3
2022-02-03 0:00:00.0000,40.3,39.3,96.4,0.118,25,rain,2
2022-02-04 0:00:00.0000,30.9,28.5,90.9,1.696,100,"rain,freezingrain,snow,ice",1
2022-02-05 0:00:00.0000,21.3,10.1,63.1,0.145,12.5,snow,5
2022-02-06 0:00:00.0000,19.1,7,59.2,0,0,,5
2022-02-07 0:00:00.0000,31.8,28.2,86.7,0.273,25,"rain,freezingrain,snow",3
2022-02-08 0:00:00.0000,38.1,33.8,85.1,0.624,37.5,rain,2
2022-02-09 0:00:00.0000,35.2,20.9,56.4,0,0,,5
2022-02-10 0:00:00.0000,40.1,30.6,71.4,0,0,rain,5
2022-02-11 0:00:00.0000,41.4,27.4,59.3,0,0,,5
2022-02-12 0:00:00.0000,49.8,32.2,52.4,0,0,,5
2022-02-13 0:00:00.0000,29.8,22.3,75.7,0.22,62.5,snow,0
2022-02-14 0:00:00.0000,19.6,5.3,55.3,0.023,8.33,snow,5
2022-02-15 0:00:00.0000,19.1,-2.2,38.7,0,0,,5
2022-02-16 0:00:00.0000,31.3,20.6,64.7,0,0,,6
2022-02-17 0:00:00.0000,53.3,44.4,72.6,0,0,rain,4
2022-02-18 0:00:00.0000,45.4,32.8,63.6,0.336,37.5,rain,5
2022-02-19 0:00:00.0000,28,12.2,52.1,0,0,snow,5
2022-02-20 0:00:00.0000,25,3.3,39.8,0,0,,4
2022-02-21 0:00:00.0000,40.4,23.9,52.9,0,0,,6
2022-02-22 0:00:00.0000,41.4,38.7,90.4,0.337,33.33,"rain,freezingrain",4
2022-02-23 0:00:00.0000,54.5,43.1,67.9,0.02,4.17,rain,4
2022-02-24 0:00:00.0000,27,5.2,39,0,0,,3
2022-02-25 0:00:00.0000,26.8,21.3,80.8,0.633,58.33,"rain,freezingrain,snow,ice",1
2022-02-26 0:00:00.0000,23.1,9.7,57.5,0,0,,6
2022-02-27 0:00:00.0000,30.8,13.2,48.8,0,0,snow,6
2022-02-28 0:00:00.0000,23.4,-0.9,35.2,0,0,,6
2022-03-01 0:00:00.0000,29.1,14.9,56.8,0.063,8.33,"rain,snow",3
2022-03-02 0:00:00.0000,39.1,25.3,60,0.031,4.17,rain,6
2022-03-03 0:00:00.0000,33.3,16.9,53.5,0.162,16.67,"rain,snow",5
2022-03-04 0:00:00.0000,25.6,2.9,37.5,0,0,,6
2022-03-05 0:00:00.0000,33.9,13.4,43.1,0,0,,5
2022-03-06 0:00:00.0000,51,43.9,77.2,0.012,4.17,rain,4
2022-03-07 0:00:00.0000,55.5,43.5,65.6,0.229,20.83,rain,2
2022-03-08 0:00:00.0000,40.9,18.2,41,0.096,4.17,rain,6
2022-03-09 0:00:00.0000,34.7,22.9,64.5,0.252,29.17,snow,1
2022-03-10 0:00:00.0000,39.3,29.1,69.3,0,0,,6
2022-03-11 0:00:00.0000,41.3,30,66,0,0,,7
2022-03-12 0:00:00.0000,37.5,33.3,85.4,0.36,20.83,"rain,snow,ice",1
2022-03-13 0:00:00.0000,28.5,8.1,42.8,0,0,,7
2022-03-14 0:00:00.0000,40.4,18.5,42.2,0,0,,7
2022-03-15 0:00:00.0000,47,33.1,60,0,0,,6
2022-03-16 0:00:00.0000,43.1,37.4,80.9,0.02,4.17,rain,6
2022-03-17 0:00:00.0000,43.8,41.4,91.6,0.036,16.67,rain,3
2022-03-18 0:00:00.0000,55.2,48,78.9,0,0,rain,7
2022-03-19 0:00:00.0000,47.8,45,90.7,0.147,25,rain,1
2022-03-20 0:00:00.0000,52.4,42.7,72.4,0.065,8.33,rain,7
2022-03-21 0:00:00.0000,49.7,24.4,39.4,0,0,,7
2022-03-22 0:00:00.0000,43.7,14.5,32,0,0,,7
2022-03-23 0:00:00.0000,38.8,20.3,47.3,0,0,,7
2022-03-24 0:00:00.0000,41,37.7,88.5,0.535,75,rain,1
2022-03-25 0:00:00.0000,47.5,37.9,71.8,0.469,25,rain,6
2022-03-26 0:00:00.0000,48.6,35.1,60.6,0.321,20.83,rain,6
2022-03-27 0:00:00.0000,43.3,27.5,55.4,0,0,,5
2022-03-28 0:00:00.0000,28.4,7.8,42.7,0.011,4.17,snow,8
2022-03-29 0:00:00.0000,28.8,5.9,38.2,0,0,,7
2022-03-30 0:00:00.0000,38.8,9.5,30.2,0,0,,7
2022-03-31 0:00:00.0000,53.4,42.4,67.9,0.011,4.17,rain,3
2022-04-01 0:00:00.0000,54.1,44.1,71.2,0.543,25,rain,5
2022-04-02 0:00:00.0000,45.4,18,35.4,0,0,,8
2022-04-03 0:00:00.0000,42.5,32,67,0,0,rain,8
2022-04-04 0:00:00.0000,46.9,26.5,50.8,0.011,4.17,rain,8
2022-04-05 0:00:00.0000,49.8,26.5,41.1,0,0,,7
2022-04-06 0:00:00.0000,45,39.6,81.7,0.114,20.83,rain,2
2022-04-07 0:00:00.0000,44.5,38.3,78.9,0,0,rain,4
2022-04-08 0:00:00.0000,53.9,43.9,72.7,0.174,33.33,rain,7
2022-04-09 0:00:00.0000,49.4,40.7,72.4,0.113,20.83,rain,5
2022-04-10 0:00:00.0000,47.5,32.3,57.3,0,0,rain,8
2022-04-11 0:00:00.0000,50.8,28.5,43.7,0,0,,8
2022-04-12 0:00:00.0000,57.5,39.5,52.7,0.032,8.33,rain,7
2022-04-13 0:00:00.0000,59.7,37.3,45.4,0,0,,7
2022-04-14 0:00:00.0000,48.1,43.3,83.6,0.168,8.33,rain,2
2022-04-15 0:00:00.0000,56.6,30.8,46.5,0.061,8.33,rain,8
2022-04-16 0:00:00.0000,58.2,35.4,44.9,0.13,12.5,rain,6
2022-04-17 0:00:00.0000,45.3,29.4,56.1,0.243,12.5,rain,6
2022-04-18 0:00:00.0000,45,29.8,55.8,0,0,rain,8
2022-04-19 0:00:00.0000,48.5,39.8,73.2,0.479,25,rain,6
2022-04-20 0:00:00.0000,48.8,25.4,41.6,0,0,,9
2022-04-21 0:00:00.0000,50.5,35.2,57.6,0,0,,8
2022-04-22 0:00:00.0000,57,33.7,44.7,0,0,,9
2022-04-23 0:00:00.0000,51.1,30.5,46.1,0,0,,8
2022-04-24 0:00:00.0000,46.8,25.6,44,0,0,,6
2022-04-25 0:00:00.0000,48.7,33.8,57.2,0,0,,7
2022-04-26 0:00:00.0000,49.8,44.9,83.6,0.116,25,rain,1
2022-04-27 0:00:00.0000,51.9,38.7,63.9,0.204,16.67,rain,8
2022-04-28 0:00:00.0000,45.8,21.7,39.8,0,0,,9
2022-04-29 0:00:00.0000,47.4,16.4,28.8,0,0,,9
2022-04-30 0:00:00.0000,47.1,29,49.7,0,0,,8
2022-05-01 0:00:00.0000,53.4,34.6,49.5,0,0,,8
2022-05-02 0:00:00.0000,49.8,41.9,75.2,0.134,25,rain,4
2022-05-03 0:00:00.0000,48.4,43.5,83.4,0.122,25,rain,5
2022-05-04 0:00:00.0000,49.8,46.9,89.8,0.091,25,rain,3
2022-05-05 0:00:00.0000,58.2,40.2,57.4,0,0,rain,7
2022-05-06 0:00:00.0000,55.9,36.4,49.6,0,0,,4
2022-05-07 0:00:00.0000,49,37.3,65.2,0,0,rain,5
2022-05-08 0:00:00.0000,47.9,33.5,58.3,0,0,,6
2022-05-09 0:00:00.0000,49.1,30.7,51.4,0,0,,7
2022-05-10 0:00:00.0000,51.8,31.6,46.8,0,0,,6
2022-05-11 0:00:00.0000,51.2,41.5,70.1,0,0,,6
2022-05-12 0:00:00.0000,54.4,52.4,93.2,0,0,rain,5
2022-05-13 0:00:00.0000,61.8,57,85.7,0,0,rain,5
2022-05-14 0:00:00.0000,74.1,61.9,68.6,0,0,,5
2022-05-15 0:00:00.0000,69.5,62.4,79.6,0.011,4.17,rain,6
2022-05-16 0:00:00.0000,66.3,59.7,80.3,0.081,12.5,rain,6
2022-05-17 0:00:00.0000,65.1,45.5,52.2,0.011,4.17,rain,6
2022-05-18 0:00:00.0000,61.9,34,38.9,0,0,,6
2022-05-19 0:00:00.0000,57.4,45.9,68.4,0.011,4.17,rain,2
2022-05-20 0:00:00.0000,57.2,52.8,85.7,0,0,rain,5
2022-05-21 0:00:00.0000,60.8,57.7,90.1,0.023,12.5,rain,5
2022-05-22 0:00:00.0000,69.9,61.5,76,0.089,12.5,rain,6
2022-05-23 0:00:00.0000,64.5,48.8,57.9,0,0,rain,5
2022-05-24 0:00:00.0000,56.3,43.3,62.3,0,0,,6
2022-05-25 0:00:00.0000,58.3,44.2,60.4,0,0,rain,6
2022-05-26 0:00:00.0000,61.2,44.4,55.9,0,0,,8
2022-05-27 0:00:00.0000,69.8,62.4,78.1,0,0,rain,4
2022-05-28 0:00:00.0000,68.5,63.6,84.9,0.714,25,rain,3
2022-05-29 0:00:00.0000,66.5,51.2,58.9,0,0,,6
2022-05-30 0:00:00.0000,74.9,55.4,54.6,0,0,,6
2022-05-31 0:00:00.0000,65.4,55.1,70.3,0.006,8.33,rain,5
2022-06-01 0:00:00.0000,56.7,51.4,82.5,0.09,12.5,rain,2
2022-06-02 0:00:00.0000,57.7,53.1,85.1,0.097,8.33,rain,3
2022-06-03 0:00:00.0000,56.6,54.3,92.2,0.015,8.33,rain,5
2022-06-04 0:00:00.0000,61.1,55.2,81.7,0,0,rain,6
2022-06-05 0:00:00.0000,66.2,39.8,39.9,0,0,,6
2022-06-06 0:00:00.0000,67.1,47,49.6,0,0,,7
2022-06-07 0:00:00.0000,70.3,50.6,52,0,0,rain,6
2022-06-08 0:00:00.0000,71.6,58.1,66.8,0.241,33.33,rain,6
2022-06-09 0:00:00.0000,70.5,59.9,71.5,0.843,20.83,rain,6
2022-06-10 0:00:00.0000,69.8,49.5,50.4,0,0,,7
2022-06-11 0:00:00.0000,70.6,47.4,44.6,0,0,,4
2022-06-12 0:00:00.0000,69.1,56.7,65.4,0,0,rain,6
2022-06-13 0:00:00.0000,73.3,59.2,67.4,0.094,12.5,rain,7
2022-06-14 0:00:00.0000,73,50.5,45.9,0,0,,6
2022-06-15 0:00:00.0000,65.8,54.7,68.1,0,0,,6
2022-06-16 0:00:00.0000,65.9,53.9,66.7,0,0,rain,3
2022-06-17 0:00:00.0000,75.4,59.2,59.8,0.003,4.17,rain,6
2022-06-18 0:00:00.0000,66.5,46.1,48.2,0,0,,7
2022-06-19 0:00:00.0000,56.2,44.4,66.3,0.311,33.33,rain,4
2022-06-20 0:00:00.0000,63,45.2,56.5,0,0,,6
2022-06-21 0:00:00.0000,63.1,52.7,69.4,0,0,,8
2022-06-22 0:00:00.0000,61.7,55.9,81.9,0,0,rain,7
2022-06-23 0:00:00.0000,63.1,57.9,84,0,0,rain,7
2022-06-24 0:00:00.0000,68,58.2,72,0,0,rain,5
2022-06-25 0:00:00.0000,75.4,58.9,59,0,0,,6
2022-06-26 0:00:00.0000,77.8,62.8,61.7,0,0,,6
2022-06-27 0:00:00.0000,72,64.7,78.7,0.654,33.33,rain,2
2022-06-28 0:00:00.0000,69.5,54.7,60.2,0,0,,10
2022-06-29 0:00:00.0000,71.7,58.1,64.7,0.001,4.17,rain,10
2022-06-30 0:00:00.0000,72.6,52.6,52,0,0,rain,6
2022-07-01 0:00:00.0000,78.7,62.5,60.1,0,0,rain,6
2022-07-02 0:00:00.0000,77.1,67,72.8,0.193,16.67,rain,4
2022-07-03 0:00:00.0000,77.4,52.2,45.5,0,0,,6
2022-07-04 0:00:00.0000,76.2,49.1,39.7,0,0,,7
2022-07-05 0:00:00.0000,71.8,57.2,61.4,0.034,8.33,rain,5
2022-07-06 0:00:00.0000,75.1,61.1,65.1,0.025,12.5,rain,7
2022-07-07 0:00:00.0000,71,56.6,61,0,0,,8
2022-07-08 0:00:00.0000,74.2,59.5,63.5,0,0,rain,7
2022-07-09 0:00:00.0000,71.2,55.1,57.6,0,0,,6
2022-07-10 0:00:00.0000,69.3,48,48.3,0,0,,6
2022-07-11 0:00:00.0000,74,57.2,58.5,0,0,,7
2022-07-12 0:00:00.0000,77,62.2,61.9,0.001,4.17,rain,6
2022-07-13 0:00:00.0000,75.8,62.6,65.4,0.012,4.17,rain,7
2022-07-14 0:00:00.0000,72.1,64.3,77.3,0.165,25,rain,9
2022-07-15 0:00:00.0000,73.3,54.3,53.2,0,0,,9
2022-07-16 0:00:00.0000,75.4,58.4,58.3,0,0,,5
2022-07-17 0:00:00.0000,76.9,65.1,68.8,0,0,,7
2022-07-18 0:00:00.0000,75.2,70.4,85.6,0.149,16.67,rain,3
2022-07-19 0:00:00.0000,82.5,66.1,61,0.023,8.33,rain,6
2022-07-20 0:00:00.0000,83.8,67.8,59,0,0,,6
2022-07-21 0:00:00.0000,82.5,71.1,70.3,0,0,rain,6
2022-07-22 0:00:00.0000,84.6,62.5,49.8,0,0,,6
2022-07-23 0:00:00.0000,84.1,62.8,50.6,0,0,,6
2022-07-24 0:00:00.0000,86.9,63.7,49.1,0,0,,6
2022-07-25 0:00:00.0000,84,71.1,66.1,0,0,rain,3
2022-07-26 0:00:00.0000,76.8,54.1,45.6,0,0,,5
2022-07-27 0:00:00.0000,72.6,55.4,56.5,0,0,,7
2022-07-28 0:00:00.0000,77.3,66.5,70.1,0.043,12.5,rain,6
2022-07-29 0:00:00.0000,82.5,62.5,55.2,0,0,rain,6
2022-07-30 0:00:00.0000,80.6,56,45,0,0,rain,7
2022-07-31 0:00:00.0000,77,57,50.7,0,0,,7
2022-08-01 0:00:00.0000,75.9,63.3,66.3,0.012,4.17,rain,7
2022-08-02 0:00:00.0000,79.6,66.4,67.1,0,0,rain,7
2022-08-03 0:00:00.0000,76.2,63,64.5,0,0,,6
2022-08-04 0:00:00.0000,83,65.8,59.8,0,0,,6
2022-08-05 0:00:00.0000,80.7,69.4,70.4,0.064,12.5,rain,6
2022-08-06 0:00:00.0000,83.1,70.2,67.6,0.004,4.17,rain,7
2022-08-07 0:00:00.0000,85.2,71.2,65.8,0.037,8.33,rain,7
2022-08-08 0:00:00.0000,86,70.9,62.7,0,0,,6
2022-08-09 0:00:00.0000,83.1,71.6,70.6,0.159,12.5,rain,6
2022-08-10 0:00:00.0000,68,63,84.6,0,0,rain,7
2022-08-11 0:00:00.0000,70.6,66.1,85.9,0,0,rain,3
2022-08-12 0:00:00.0000,72.4,57,59.9,0,0,,7
2022-08-13 0:00:00.0000,67.6,53.6,61.3,0,0,,6
2022-08-14 0:00:00.0000,71.2,54.4,56.4,0,0,,7
2022-08-15 0:00:00.0000,70.1,57.7,65.3,0,0,,6
2022-08-16 0:00:00.0000,70.5,60.5,71.6,0,0,,6
2022-08-17 0:00:00.0000,70.4,56.6,62.9,0.012,4.17,rain,4
2022-08-18 0:00:00.0000,74.1,53,49.6,0,0,,6
2022-08-19 0:00:00.0000,80.7,52.7,41.5,0,0,,6
2022-08-20 0:00:00.0000,78.5,61.7,57.2,0,0,rain,6
2022-08-21 0:00:00.0000,77.4,62.9,63.9,0,0,,6
2022-08-22 0:00:00.0000,69.5,67.7,93.9,0.441,37.5,rain,2
2022-08-23 0:00:00.0000,70.1,67.2,90.5,0.028,20.83,rain,3
2022-08-24 0:00:00.0000,72.6,67.3,84.1,0,0,rain,5
2022-08-25 0:00:00.0000,77.2,65.1,67.3,0,0,,5
2022-08-26 0:00:00.0000,76.4,64.5,69,0.405,16.67,rain,7
2022-08-27 0:00:00.0000,71.4,65.8,82.6,0,0,rain,5
2022-08-28 0:00:00.0000,70.9,62.5,75.3,0,0,,6
2022-08-29 0:00:00.0000,75.8,64.9,70.6,0,0,,6
2022-08-30 0:00:00.0000,79.6,69.1,72.2,0,0,,6
2022-08-31 0:00:00.0000,77,61.4,63.1,0.329,16.67,rain,6
2022-09-01 0:00:00.0000,72.8,48.9,44.3,0,0,,6
2022-09-02 0:00:00.0000,63.7,48.3,57.7,0,0,,6
2022-09-03 0:00:00.0000,66.8,55.2,67.2,0,0,,6
2022-09-04 0:00:00.0000,72.7,62.2,70.3,0,0,rain,6
2022-09-05 0:00:00.0000,68.5,66.1,92.1,0.387,66.67,rain,2
2022-09-06 0:00:00.0000,63.9,62,93.6,0.654,91.67,rain,1
2022-09-07 0:00:00.0000,65.4,59.4,81.8,0,0,rain,6
2022-09-08 0:00:00.0000,64.6,57.8,79.5,0,0,,6
2022-09-09 0:00:00.0000,66.3,58.7,77.4,0,0,,6
2022-09-10 0:00:00.0000,72.3,59.9,65.8,0,0,,5
2022-09-11 0:00:00.0000,73.6,60.7,64.5,0,0,rain,3
2022-09-12 0:00:00.0000,70.3,65.3,84.5,0,0,rain,4
2022-09-13 0:00:00.0000,69.8,68.4,95.5,0.153,25,rain,2
2022-09-14 0:00:00.0000,71.6,58,63.7,0,0,,5
2022-09-15 0:00:00.0000,65.5,43.2,46.2,0,0,,6
2022-09-16 0:00:00.0000,62.9,40.6,44.4,0,0,,6
2022-09-17 0:00:00.0000,60.3,43.9,55.6,0,0,,6
2022-09-18 0:00:00.0000,72,60.8,70.2,0,0,rain,5
2022-09-19 0:00:00.0000,63.7,60.6,89.7,0.385,16.67,rain,2
2022-09-20 0:00:00.0000,60.4,56.9,88.5,0.011,4.17,rain,1
2022-09-21 0:00:00.0000,62.1,55.3,79.1,0.001,4.17,rain,3
2022-09-22 0:00:00.0000,64.3,60.4,87.3,0.743,33.33,rain,1
2022-09-23 0:00:00.0000,54.4,39.8,58.8,0,0,,6
2022-09-24 0:00:00.0000,57.8,36.9,47.2,0,0,,5
2022-09-25 0:00:00.0000,61.1,51.6,72,0,0,rain,5
2022-09-26 0:00:00.0000,65.5,57.1,76.2,0.269,16.67,rain,6
2022-09-27 0:00:00.0000,65.3,52,66.3,0,0,,5
2022-09-28 0:00:00.0000,62.9,48.8,61,0,0,rain,6
2022-09-29 0:00:00.0000,58,46.3,65.6,0,0,,5
2022-09-30 0:00:00.0000,53.8,44.1,69.9,0,0,,5
2022-10-01 0:00:00.0000,55,46.4,72.9,0.024,8.33,rain,1
2022-10-02 0:00:00.0000,55,41.8,61.7,0,0,rain,4
2022-10-03 0:00:00.0000,53.4,39.2,58.7,0,0,,3
2022-10-04 0:00:00.0000,55.1,48.2,78.2,0.247,25,rain,1
2022-10-05 0:00:00.0000,56.4,54.7,94.1,0.564,58.33,rain,1
2022-10-06 0:00:00.0000,62.3,56.5,81.9,0.088,8.33,rain,5
2022-10-07 0:00:00.0000,66,53.7,67.1,0,0,rain,5
2022-10-08 0:00:00.0000,54.6,36,50.3,0.012,4.17,rain,5
2022-10-09 0:00:00.0000,53,35.5,52.9,0,0,,5
2022-10-10 0:00:00.0000,55.5,43.8,66.1,0.031,8.33,rain,3
2022-10-11 0:00:00.0000,56.6,42.7,63.4,0,0,,5
2022-10-12 0:00:00.0000,61.7,46.7,61.3,0,0,,5
2022-10-13 0:00:00.0000,61.7,57.1,85.6,0.892,29.17,rain,1
2022-10-14 0:00:00.0000,63.8,60.6,89.9,1.313,54.17,rain,4
2022-10-15 0:00:00.0000,59.9,47,66.2,0,0,rain,5
2022-10-16 0:00:00.0000,57.8,49.8,76,0,0,rain,5
2022-10-17 0:00:00.0000,55.7,51.4,85.8,0.253,25,rain,2
2022-10-18 0:00:00.0000,61,53.8,78.7,0.189,29.17,rain,2
2022-10-19 0:00:00.0000,50.7,33.4,52.8,0,0,rain,5
2022-10-20 0:00:00.0000,49.9,32.1,52.4,0,0,,5
2022-10-21 0:00:00.0000,53.1,38.9,60.1,0,0,,4
2022-10-22 0:00:00.0000,56.7,44.8,67.9,0,0,rain,4
2022-10-23 0:00:00.0000,54.2,48.1,80,0.078,20.83,rain,2
2022-10-24 0:00:00.0000,56.1,54.8,95.6,0.101,20.83,rain,1
2022-10-25 0:00:00.0000,59.1,59,99.7,0.056,16.67,rain,2
2022-10-26 0:00:00.0000,60.5,60.3,99.4,0.355,25,rain,2
2022-10-27 0:00:00.0000,61.4,47.6,64.2,0,0,,4
2022-10-28 0:00:00.0000,46.8,35.1,63.9,0,0,,4
2022-10-29 0:00:00.0000,47.8,40.2,75.4,0,0,rain,4
2022-10-30 0:00:00.0000,50.2,40,69.8,0,0,,4
2022-10-31 0:00:00.0000,56.4,51.2,84.2,0,0,rain,4
2022-11-01 0:00:00.0000,60.9,57.3,88.2,0.04,8.33,rain,1
2022-11-02 0:00:00.0000,59,48.8,71,0,0,,4
2022-11-03 0:00:00.0000,54,42.7,65.8,0,0,,4
2022-11-04 0:00:00.0000,59.9,51.9,77.1,0,0,rain,4
2022-11-05 0:00:00.0000,65.6,59.8,82.7,0,0,,3
2022-11-06 0:00:00.0000,69.6,62.5,79.1,0,0,,3
2022-11-07 0:00:00.0000,67.9,47.3,56,0.001,4.17,rain,4
2022-11-08 0:00:00.0000,49.4,22.8,35.6,0,0,,4
2022-11-09 0:00:00.0000,43,29,57.9,0,0,,4
2022-11-10 0:00:00.0000,55.6,43.4,66.1,0,0,,4
2022-11-11 0:00:00.0000,62.6,57.1,83.1,0.324,16.67,rain,2
2022-11-12 0:00:00.0000,67.5,59.8,77.4,0.136,20.83,rain,4
2022-11-13 0:00:00.0000,50.9,43.6,76.6,0.114,25,rain,1
2022-11-14 0:00:00.0000,39.9,20.2,45.5,0,0,,4
2022-11-15 0:00:00.0000,38,21.3,51.2,0.001,4.17,rain,4
2022-11-16 0:00:00.0000,46.6,42.4,85.5,0.765,58.33,rain,1
2022-11-17 0:00:00.0000,41,27.4,59.4,0,0,,5
2022-11-18 0:00:00.0000,38.5,20.2,48.3,0,0,,4
2022-11-19 0:00:00.0000,36.9,19.7,50.3,0,0,,4
2022-11-20 0:00:00.0000,33.7,10.6,39.9,0,0,,4
2022-11-21 0:00:00.0000,32.7,13,44.2,0,0,,3
2022-11-22 0:00:00.0000,41.4,21,44.3,0,0,,3
2022-11-23 0:00:00.0000,44,25.1,47.8,0,0,,3
2022-11-24 0:00:00.0000,39.1,27.7,64.2,0,0,,3
2022-11-25 0:00:00.0000,47,40.1,77.5,0.012,4.17,rain,1
2022-11-26 0:00:00.0000,45.6,25.9,46.4,0,0,,3
2022-11-27 0:00:00.0000,49.3,35,60.7,0.563,29.17,rain,2
2022-11-28 0:00:00.0000,49.8,37.5,63.5,0.077,4.17,rain,2
2022-11-29 0:00:00.0000,38.5,27.2,63.5,0,0,rain,2
2022-11-30 0:00:00.0000,49,42.6,78.7,0.668,33.33,rain,1
