datetime,temp,dew,humidity,precip,precipcover,preciptype,uvindex,uvindextype
1/1/2019,47.2,36.1,67.3,0.576,25,Rainy,4,Moderate
1/2/2019,31.9,11.2,43,,,,4,Moderate
1/3/2019,39,27.8,64.8,0.023,8.33,Rainy,4,Moderate
1/4/2019,40.9,25.5,54.4,,,,4,Moderate
1/5/2019,40.3,35.7,83.7,0.545,54.17,Rainy,1,Low
1/6/2019,37.7,24.4,59.8,,,,4,Moderate
1/7/2019,25.5,-0.9,32.1,,,,4,Moderate
1/8/2019,36.2,27.9,74.3,0.023,8.33,Snowfall,1,Low
1/9/2019,39.8,31.2,72.7,0.13,25,Rainy,2,Low
1/10/2019,34,18.3,52.3,,,,2,Low
1/11/2019,24.7,4.5,42.2,,,,4,Moderate
1/12/2019,21.2,-2.8,34.8,,,,4,Moderate
1/13/2019,22.4,6.9,51.3,,,,4,Moderate
1/14/2019,27.1,14.7,59.5,,,,3,Moderate
1/15/2019,30,12.2,47.3,,,,4,Moderate
1/16/2019,33,19,57.3,,,,3,Moderate
1/17/2019,25.2,1.2,35.9,,,,5,Moderate
1/18/2019,34.7,22,60,,,,3,Moderate
1/19/2019,31.4,19.1,61.7,0.084,20.83,Snowfall,3,Moderate
1/20/2019,27.4,22.8,83,1.234,70.83,Snowfall,0,Low
1/21/2019,6.6,-6.8,53.3,,,,3,Moderate
1/22/2019,18.2,-6.9,32.9,,,,5,Moderate
1/23/2019,33.4,21.4,61.4,,,,2,Low
1/24/2019,52.6,47.7,83.8,1.023,50,Rainy,1,Low
1/25/2019,36.2,17.8,47.5,,,,5,Moderate
1/26/2019,29.9,7.4,38.5,,,,5,Moderate
1/27/2019,37.3,24.5,59.8,,,,5,Moderate
1/28/2019,30.6,9.3,41.2,,,,5,Moderate
1/29/2019,29.8,19.8,66.3,0.024,8.33,Rainy,2,Low
1/30/2019,29.4,16.3,61.3,0.163,25,Snowfall,5,Moderate
1/31/2019,11.2,-12.4,33.4,,,,5,Moderate
2/1/2019,16.9,-6,35.4,,,,5,Moderate
2/2/2019,25.1,3.8,40.9,,,,5,Moderate
2/3/2019,34.2,23,64,,,,2,Low
2/4/2019,47.1,34.7,63.7,,,,5,Moderate
2/5/2019,51.9,38.2,61.4,,,,5,Moderate
2/6/2019,36.4,24.9,63.5,0.245,16.67,Snowfall,5,Moderate
2/7/2019,38.8,35.7,88.4,0.338,37.5,Snowfall,3,Moderate
2/8/2019,42.2,32.3,71.3,0.088,25,Rainy,4,Moderate
2/9/2019,30,0.6,28.8,,,,6,High
2/10/2019,30.3,5.4,34.8,,,,5,Moderate
2/11/2019,31.4,4.7,32.6,,,,5,Moderate
2/12/2019,27.1,14,61.1,0.766,37.5,Snowfall,2,Low
2/13/2019,38.1,31.7,78.4,0.416,45.83,Rainy,5,Moderate
2/14/2019,35.1,18,49.9,,,,6,High
2/15/2019,43.2,37.1,78.8,0.102,16.67,Rainy,3,Moderate
2/16/2019,40,20.6,46.1,,,,6,High
2/17/2019,29.4,11.7,47.8,,,,6,High
2/18/2019,29.4,23.9,80.4,0.317,50,Snowfall,1,Low
2/19/2019,24.4,2.5,39.5,,,,7,High
2/20/2019,25.8,7.8,46.9,0.052,8.33,Snowfall,4,Moderate
2/21/2019,37.4,28.4,72.1,0.458,29.17,Snowfall,6,High
2/22/2019,41,21.4,45.5,,,,6,High
2/23/2019,34.3,22.2,61.8,,,,5,Moderate
2/24/2019,41,36.9,85.6,0.48,45.83,Rainy,1,Low
2/25/2019,36.7,16.8,45.2,0.001,4.17,Rainy,5,Moderate
2/26/2019,26.5,-3.5,27.5,,,,7,High
2/27/2019,20.2,-5.6,33.4,0.025,8.33,Snowfall,5,Moderate
2/28/2019,24.9,10.4,57.3,0.178,33.33,Snowfall,6,High
3/1/2019,30.2,11.5,46.1,,,,7,High
3/2/2019,33.1,26.5,76.7,0.183,33.33,Snowfall,2,Low
3/3/2019,35.9,26.5,68.9,0.036,4.17,Snowfall,6,High
3/4/2019,35,26.5,72.6,1.003,50,Snowfall,5,Moderate
3/5/2019,25.2,5.3,42.5,,,,7,High
3/6/2019,22.1,-1.4,36.2,,,,7,High
3/7/2019,22.1,0.5,39.2,,,,7,High
3/8/2019,27.9,7.6,42.5,,,,7,High
3/9/2019,34.1,17.2,53.1,,,,7,High
3/10/2019,36,30.7,81.3,0.463,45.83,Snowfall,1,Low
3/11/2019,43,26.7,55.9,,,,8,Very High
3/12/2019,39.5,18.8,43.5,,,,7,High
3/13/2019,35.6,19.1,51.3,,,,7,High
3/14/2019,42.2,30.9,65.5,,,,5,Moderate
3/15/2019,53.6,47.5,80.1,0.18,12.5,Rainy,5,Moderate
3/16/2019,47.5,28.1,49.1,0.02,4.17,Rainy,8,Very High
3/17/2019,37.2,10.5,33.2,,,,7,High
3/18/2019,36.3,8,31.5,,,,8,Very High
3/19/2019,38.8,14.2,37.4,,,,8,Very High
3/20/2019,40.8,22,47.1,,,,8,Very High
3/21/2019,42.5,30.3,64,,,,4,Moderate
3/22/2019,41.3,35.4,80,0.878,62.5,Rainy,4,Moderate
3/23/2019,40.7,25.5,56.7,0.043,8.33,Rainy,7,High
3/24/2019,46.1,16,31.1,,,,8,Very High
3/25/2019,44.1,18.3,38.4,,,,8,Very High
3/26/2019,37.5,8.6,33,,,,8,Very High
3/27/2019,36,10.5,35,,,,8,Very High
3/28/2019,42.6,28.1,57.4,,,,8,Very High
3/29/2019,50.5,40.2,68.3,0.047,20.83,Rainy,2,Low
3/30/2019,52.3,44.1,74.9,,,,7,High
3/31/2019,55.8,47.5,74.1,0.097,20.83,Rainy,7,High
4/1/2019,41.6,15,37.4,,,,9,Very High
4/2/2019,42.3,18.1,39.7,,,,8,Very High
4/3/2019,48.4,31.3,58.6,0.444,33.33,Rainy,8,Very High
4/4/2019,45.4,7.5,22.1,,,,9,Very High
4/5/2019,39.5,14,37,0.063,8.33,Rainy,6,High
4/6/2019,50.1,38.1,66.9,0.161,25,Rainy,8,Very High
4/7/2019,54.9,38.5,55.5,,,,7,High
4/8/2019,44.6,39.5,82.9,0.316,41.67,Rainy,1,Low
4/9/2019,38.5,35.2,87.6,0.062,8.33,Rainy,2,Low
4/10/2019,41.5,28.1,61.1,0.011,4.17,Rainy,7,High
4/11/2019,43,21.9,44,,,,8,Very High
4/12/2019,48.4,36.3,63.7,,,,2,Low
4/13/2019,63.7,55.6,76.2,0.391,45.83,Rainy,8,Very High
4/14/2019,57.4,46.6,69.7,0.033,12.5,Rainy,7,High
4/15/2019,55.9,47.9,76.2,0.737,37.5,Rainy,7,High
4/16/2019,50.8,23.7,35.9,,,,9,Very High
4/17/2019,51.1,27.2,40.4,,,,9,Very High
4/18/2019,48.9,37.6,65.8,,,,2,Low
4/19/2019,69,57.9,68.7,,,,5,Moderate
4/20/2019,67.1,62.3,84.6,0.2,45.83,Rainy,2,Low
4/21/2019,60.7,55.3,82.9,0.034,16.67,Rainy,8,Very High
4/22/2019,53.7,50.2,87.9,2.08,41.67,Rainy,4,Moderate
4/23/2019,49.7,45.4,85.1,0.313,29.17,Rainy,2,Low
4/24/2019,55.1,44.5,71.3,0.122,16.67,Rainy,9,Very High
4/25/2019,51.3,39,63.1,,,,9,Very High
4/26/2019,47.8,43.6,85.3,0.607,41.67,Rainy,1,Low
4/27/2019,50.3,36.4,62.3,0.802,33.33,Rainy,6,High
4/28/2019,49.3,34.2,56.5,0.012,8.33,Rainy,5,Moderate
4/29/2019,52.6,27.2,41.1,,,,9,Very High
4/30/2019,48.7,39.4,71.4,0.146,25,Rainy,2,Low
5/1/2019,50.9,35.2,55.2,,,,4,Moderate
5/2/2019,47,43.4,87.1,0.066,20.83,Rainy,1,Low
5/3/2019,49.9,45.2,84,0.115,20.83,Rainy,5,Moderate
5/4/2019,51,47.3,87.1,0.14,16.67,Rainy,2,Low
5/5/2019,49.8,45.4,84.8,0.011,4.17,Rainy,2,Low
5/6/2019,52.5,43.9,73.2,,,,9,Very High
5/7/2019,60.2,45.4,60.3,0.083,16.67,Rainy,9,Very High
5/8/2019,56.9,44.8,64.8,,,,9,Very High
5/9/2019,52.2,34.4,50.9,,,,9,Very High
5/10/2019,56.9,45.5,66.4,0.011,4.17,Rainy,3,Moderate
5/11/2019,63.6,41,47,0.003,4.17,Rainy,9,Very High
5/12/2019,47.9,35.8,64.7,0.395,58.33,Rainy,1,Low
5/13/2019,48.9,39.9,71.4,0.664,25,Rainy,5,Moderate
5/14/2019,45.3,40.4,83,0.308,37.5,Rainy,2,Low
5/15/2019,52.9,38.2,59.8,,,,4,Moderate
5/16/2019,57,45.8,66.7,0.011,4.17,Rainy,6,High
5/17/2019,56.3,52.2,86.4,0.241,33.33,Rainy,1,Low
5/18/2019,61.1,43.4,53.5,,,,10,Very High
5/19/2019,61.8,50.8,67.8,0.218,12.5,Rainy,5,Moderate
5/20/2019,74,63.6,71.7,0.135,20.83,Rainy,8,Very High
5/21/2019,65.3,38.7,38.7,,,,10,Very High
5/22/2019,60,37,42.9,,,,9,Very High
5/23/2019,61.3,47.7,61.7,0.001,4.17,Rainy,6,High
5/24/2019,64.3,50.4,62,0.122,8.33,Rainy,7,High
5/25/2019,62.8,44.5,52.2,,,,8,Very High
5/26/2019,72.9,53.5,54.7,0.257,12.5,Rainy,9,Very High
5/27/2019,65.7,52.3,63.2,,,,10,Very High
5/28/2019,56.6,45.3,67.7,0.296,41.67,Rainy,3,Moderate
5/29/2019,51.9,46.3,81.3,0.012,4.17,Rainy,2,Low
5/30/2019,57.6,51.1,78.9,0.012,4.17,Rainy,4,Moderate
5/31/2019,62.8,53.8,73.6,0.293,12.5,Rainy,7,High
6/1/2019,59.2,54.3,84.1,,,,8,Very High
6/2/2019,56.7,53.1,87.7,0.007,8.33,Rainy,8,Very High
6/3/2019,64.3,38.7,43.6,0.083,16.67,Rainy,9,Very High
6/4/2019,63.6,36.5,37.9,,,,9,Very High
6/5/2019,72.3,53.4,52.4,,,,8,Very High
6/6/2019,68.5,61.7,78.9,0.067,16.67,Rainy,9,Very High
6/7/2019,68.9,52.5,57.1,,,,9,Very High
6/8/2019,67.7,50.3,54.4,,,,10,Very High
6/9/2019,67.9,46.4,47.4,,,,10,Very High
6/10/2019,66,52.3,62,,,,9,Very High
6/11/2019,70.9,59.2,70.4,0.683,54.17,Rainy,5,Moderate
6/12/2019,67.5,45,45.4,,,,9,Very High
6/13/2019,57.3,50.7,79.3,0.623,45.83,Rainy,2,Low
6/14/2019,64.8,50.5,63.2,0.001,4.17,Rainy,9,Very High
6/15/2019,72.8,47.5,42.1,,,,10,Very High
6/16/2019,68.1,60.3,77.4,0.121,33.33,Rainy,2,Low
6/17/2019,69.5,58.9,70.5,,,,8,Very High
6/18/2019,66.2,61.5,84.9,0.104,16.67,Rainy,2,Low
6/19/2019,65.6,60.7,84.5,,,,7,High
6/20/2019,66.5,63.2,89.1,0.361,20.83,Rainy,1,Low
6/21/2019,67.8,59.9,76.9,1.136,29.17,Rainy,3,Moderate
6/22/2019,71.1,50.7,50,0.002,4.17,Rainy,9,Very High
6/23/2019,76.8,49.5,39.7,,,,9,Very High
6/24/2019,72.3,53.5,52.8,,,,9,Very High
6/25/2019,68,62.7,83.3,0.131,25,Rainy,3,Moderate
6/26/2019,68.5,63.6,84.7,,,,9,Very High
6/27/2019,65.8,61,84.7,,,,9,Very High
6/28/2019,73,62.4,71.3,,,,9,Very High
6/29/2019,76.6,65.2,69.1,1.604,25,Rainy,6,High
6/30/2019,71.7,61.1,69.8,0.16,16.67,Rainy,5,Moderate
7/1/2019,73.3,58.6,61.5,,,,9,Very High
7/2/2019,79.2,60.1,52.9,,,,9,Very High
7/3/2019,79.7,62.7,56.7,,,,10,Very High
7/4/2019,79.1,61.5,55.6,,,,8,Very High
7/5/2019,81,63.7,57.8,,,,9,Very High
7/6/2019,81.8,70.9,71,1.343,16.67,Rainy,9,Very High
7/7/2019,71.9,59.5,65.7,,,,9,Very High
7/8/2019,71.8,55,56.3,,,,9,Very High
7/9/2019,79.5,53.8,43.1,,,,9,Very High
7/10/2019,79,59.8,52.8,,,,9,Very High
7/11/2019,76.6,66,70.7,0.008,4.17,Rainy,6,High
7/12/2019,73.4,68.9,86,0.851,62.5,Rainy,8,Very High
7/13/2019,79.4,63.3,59.9,,,,9,Very High
7/14/2019,83,62.7,52.4,,,,9,Very High
7/15/2019,78.5,54.8,44.8,,,,9,Very High
7/16/2019,80,59.2,50,,,,9,Very High
7/17/2019,81.7,69.2,67.1,0.44,20.83,Rainy,8,Very High
7/18/2019,71.5,62.5,73.6,0.042,8.33,Rainy,3,Moderate
7/19/2019,78.5,64.8,63.5,,,,9,Very High
7/20/2019,89.2,74.3,62.7,,,,8,Very High
7/21/2019,90,68.5,50.2,,,,9,Very High
7/22/2019,77.5,65,66.3,0.716,25,Rainy,7,High
7/23/2019,67,59.8,78.4,1.172,58.33,Rainy,4,Moderate
7/24/2019,71.2,58,65,,,,9,Very High
7/25/2019,73,59.7,63.3,,,,9,Very High
7/26/2019,75.2,63.3,66.8,,,,9,Very High
7/27/2019,75.3,60.6,60.8,,,,9,Very High
7/28/2019,80.6,64.1,59.6,,,,9,Very High
7/29/2019,84.3,68.3,60.3,0.011,8.33,Rainy,9,Very High
7/30/2019,84.4,69.9,63.6,,,,8,Very High
7/31/2019,80.8,67.4,65.7,1.217,12.5,Rainy,8,Very High
8/1/2019,80.5,59.8,53,,,,8,Very High
8/2/2019,75.5,54,48.1,,,,9,Very High
8/3/2019,77.9,63.2,61.6,,,,6,High
8/4/2019,76.2,64.3,67.5,,,,8,Very High
8/5/2019,72.2,52.5,50.7,,,,9,Very High
8/6/2019,70.9,64.9,81.5,,,,7,High
8/7/2019,76.8,67.9,74.8,0.015,12.5,Rainy,5,Moderate
8/8/2019,77.7,65.9,69,0.038,12.5,Rainy,7,High
8/9/2019,78.4,56.3,48.2,,,,7,High
8/10/2019,74.3,51.8,45.6,,,,7,High
8/11/2019,72.3,51,48.4,,,,8,Very High
8/12/2019,77.8,56.3,48.8,,,,7,High
8/13/2019,77.1,65.2,66.9,,,,4,Moderate
8/14/2019,70.3,61.7,74.9,,,,6,High
8/15/2019,66.7,61,82.4,,,,7,High
8/16/2019,68.5,62.9,82.5,,,,7,High
8/17/2019,69.8,64.5,83.3,,,,5,Moderate
8/18/2019,74.4,67.9,80.6,0.158,16.67,Rainy,6,High
8/19/2019,82.6,68.8,65,0.008,4.17,Rainy,7,High
8/20/2019,77.8,61.9,59.1,,,,7,High
8/21/2019,77.2,67.7,73,0.069,20.83,Rainy,4,Moderate
8/22/2019,81.4,66.7,64,,,,7,High
8/23/2019,76.2,53.5,46.1,,,,7,High
8/24/2019,67.8,52.5,58.7,,,,7,High
8/25/2019,65.2,54.6,68.7,,,,5,Moderate
8/26/2019,64.6,52.9,66.8,,,,7,High
8/27/2019,67.1,53.2,62.6,,,,6,High
8/28/2019,68.9,60.1,74.1,0.374,37.5,Rainy,6,High
8/29/2019,75.7,61.8,65.3,0.6,25,Rainy,7,High
8/30/2019,77.2,57.5,51.7,,,,7,High
8/31/2019,75.3,49.7,41.4,,,,7,High
9/1/2019,67.2,53.9,62.8,,,,6,High
9/2/2019,69.2,59.6,72.5,1.085,20.83,Rainy,6,High
9/3/2019,70.7,60,69.7,,,,7,High
9/4/2019,74.1,63.7,71.3,0.324,8.33,Rainy,5,Moderate
9/5/2019,65.7,49.8,56.9,,,,7,High
9/6/2019,64.6,54.8,70.4,,,,3,Moderate
9/7/2019,65.3,51,62,0.034,12.5,Rainy,5,Moderate
9/8/2019,68.7,50.1,52.7,,,,7,High
9/9/2019,65.3,52,62.4,,,,7,High
9/10/2019,67.5,59.1,74.9,,,,5,Moderate
9/11/2019,77.2,64.5,65.8,,,,6,High
9/12/2019,65.6,57.1,74.3,0.071,8.33,Rainy,2,Low
9/13/2019,61.1,45.9,59.1,,,,7,High
9/14/2019,63.8,54.2,71.2,0.127,4.17,Rainy,3,Moderate
9/15/2019,73.7,57.1,59.5,0.079,8.33,Rainy,6,High
9/16/2019,68.5,48.2,49.3,,,,6,High
9/17/2019,63.4,48.3,58.1,,,,6,High
9/18/2019,59.6,43.2,55,,,,4,Moderate
9/19/2019,58.1,42.8,57.4,,,,6,High
9/20/2019,66.5,46.5,50.9,,,,7,High
9/21/2019,72,53.7,53.2,,,,7,High
9/22/2019,75.1,57.2,56.2,,,,7,High
9/23/2019,78.7,64,62.4,,,,7,High
9/24/2019,72.3,57.1,60.7,0.139,12.5,Rainy,6,High
9/25/2019,64.7,50.4,60.9,,,,6,High
9/26/2019,67.7,55.4,67.3,0.267,12.5,Rainy,6,High
9/27/2019,65.2,50.1,59.3,,,,6,High
9/28/2019,69.4,56.8,65.5,,,,6,High
9/29/2019,69,54.4,61.1,,,,5,Moderate
9/30/2019,57.8,44.2,60.7,,,,5,Moderate
10/1/2019,64.2,55.6,73.9,0.05,4.17,Rainy,3,Moderate
10/2/2019,68.6,60.9,76.8,0.226,16.67,Rainy,2,Low
10/3/2019,53.7,39.8,59.4,,,,2,Low
10/4/2019,55.5,42.3,63.7,0.113,25,Rainy,4,Moderate
10/5/2019,50,32.7,52.1,,,,6,High
10/6/2019,58.8,46.7,64.6,,,,4,Moderate
10/7/2019,72.8,58.3,61.5,0.144,12.5,Rainy,5,Moderate
10/8/2019,61,51.9,72.3,0.028,8.33,Rainy,2,Low
10/9/2019,57.6,47.2,68.7,0.071,8.33,Rainy,1,Low
10/10/2019,56.2,44.3,64.8,0.024,8.33,Rainy,1,Low
10/11/2019,55.3,47.6,75.5,0.328,58.33,Rainy,1,Low
10/12/2019,55.9,49.9,80.3,0.025,12.5,Rainy,2,Low
10/13/2019,59,50.4,73.9,,,,5,Moderate
10/14/2019,58.3,51.1,77.1,,,,4,Moderate
10/15/2019,56.8,39.4,53.7,,,,5,Moderate
10/16/2019,54.9,44.8,69.6,0.074,8.33,Rainy,4,Moderate
10/17/2019,56.2,45.2,67.7,1.154,29.17,Rainy,3,Moderate
10/18/2019,54.5,37.5,53.2,,,,4,Moderate
10/19/2019,52.4,34.5,51.6,,,,5,Moderate
10/20/2019,53,42.6,67.8,,,,4,Moderate
10/21/2019,57,48.2,72.6,,,,5,Moderate
10/22/2019,55.3,49.4,80.6,0.045,12.5,Rainy,2,Low
10/23/2019,61.4,47.8,65.4,0.523,37.5,Rainy,4,Moderate
10/24/2019,58.9,37,45.4,,,,5,Moderate
10/25/2019,57.5,44.3,62.1,,,,3,Moderate
10/26/2019,54.6,43.6,67.3,0.01,4.17,Rainy,5,Moderate
10/27/2019,53.2,45.4,75.4,1.43,50,Rainy,0,Low
10/28/2019,52.8,47.7,82.8,0.041,16.67,Rainy,1,Low
10/29/2019,54.6,48.7,80.7,0.042,16.67,Rainy,1,Low
10/30/2019,58.9,54.3,84.7,0.088,20.83,Rainy,5,Moderate
10/31/2019,66.8,61.4,82.8,0.084,25,Rainy,1,Low
11/1/2019,58.2,38.2,50,0.015,20.83,Rainy,5,Moderate
11/2/2019,45.5,28.6,51.6,,,,5,Moderate
11/3/2019,48.8,28,45.8,,,,5,Moderate
11/4/2019,48.1,27.8,46.1,,,,4,Moderate
11/5/2019,53.6,47.4,79.7,0.399,29.17,Rainy,2,Low
11/6/2019,49.7,26.4,41.7,,,,4,Moderate
11/7/2019,49.8,34.8,57.3,0.235,25,Rainy,1,Low
11/8/2019,35.5,17.2,48.2,,,,5,Moderate
11/9/2019,34.1,13.5,43.4,,,,4,Moderate
11/10/2019,43.1,25.6,50.9,,,,4,Moderate
11/11/2019,48.1,35.4,61.9,,,,2,Low
11/12/2019,37.5,28.1,70.3,0.079,12.5,Rainy,0,Low
11/13/2019,26.4,2.4,35.4,,,,4,Moderate
11/14/2019,33,18.8,56.3,,,,4,Moderate
11/15/2019,44.7,24.2,46.7,,,,5,Moderate
11/16/2019,33.4,2.7,27.9,,,,4,Moderate
11/17/2019,35.1,21.2,57.3,,,,1,Low
11/18/2019,38.8,32.5,78.2,0.244,29.17,Rainy,1,Low
11/19/2019,42.7,38,83.7,0.248,29.17,Rainy,1,Low
11/20/2019,40.4,35.4,82.2,0.233,41.67,Rainy,1,Low
11/21/2019,42.6,31.2,64.8,,,,4,Moderate
11/22/2019,47.8,35.3,62.4,0.094,12.5,Rainy,1,Low
11/23/2019,40.6,17.7,40.1,,,,4,Moderate
11/24/2019,43.1,36.4,77.5,1.504,66.67,Rainy,0,Low
11/25/2019,47.1,32.4,57.4,,,,4,Moderate
11/26/2019,50.4,36.5,60.9,,,,4,Moderate
11/27/2019,47.9,42,80.2,0.198,16.67,Rainy,2,Low
11/28/2019,44.1,33.1,65.3,0.138,25,Rainy,1,Low
11/29/2019,36.5,20,51.4,,,,4,Moderate
11/30/2019,32.1,6.5,34.9,,,,4,Moderate
12/1/2019,30.2,18.8,63,0.528,29.17,Snowfall,2,Low
12/2/2019,37.4,32.6,82.9,0.529,91.67,Snowfall,1,Low
12/3/2019,32.4,24,71.9,0.145,41.67,Snowfall,1,Low
12/4/2019,35.2,23.1,61,,,,2,Low
12/5/2019,39.2,24.5,56.2,,,,4,Moderate
12/6/2019,33.5,21.3,61.6,0.044,16.67,Snowfall,1,Low
12/7/2019,31,15.2,52.2,,,,4,Moderate
12/8/2019,31,16.3,55.1,,,,4,Moderate
12/9/2019,49.7,43.9,80.4,0.552,66.67,Rainy,1,Low
12/10/2019,57.3,49.8,75.9,0.18,45.83,Rainy,2,Low
12/11/2019,34.4,24.9,68.7,0.239,37.5,Snowfall,3,Moderate
12/12/2019,29.8,12.5,48.5,,,,4,Moderate
12/13/2019,38,30.3,73.7,0.085,20.83,Rainy,2,Low
12/14/2019,53.7,49.9,87,1.263,62.5,Rainy,1,Low
12/15/2019,45.2,25,45.4,,,,3,Moderate
12/16/2019,33.2,9.6,37,,,,2,Low
12/17/2019,31.9,23,71.7,0.647,62.5,Snowfall,1,Low
12/18/2019,33,21.6,63.9,,,,4,Moderate
12/19/2019,20.5,-1.9,36.7,,,,4,Moderate
12/20/2019,24.4,5.7,44.5,,,,4,Moderate
12/21/2019,28.8,17.2,61.5,,,,3,Moderate
12/22/2019,37.4,24.7,60.7,,,,4,Moderate
12/23/2019,45.7,30.2,55.5,,,,4,Moderate
12/24/2019,42.8,21.2,42.6,,,,4,Moderate
12/25/2019,36,22.5,58.2,,,,4,Moderate
12/26/2019,36.5,26.8,67.8,,,,2,Low
12/27/2019,44.3,35.1,70.2,0.011,4.17,Rainy,1,Low
12/28/2019,46.4,30.9,55.7,,,,4,Moderate
12/29/2019,38.9,25.4,58.5,0.051,8.33,Rainy,3,Moderate
12/30/2019,38.4,33.3,82,1.301,100,Rainy,0,Low
12/31/2019,40.4,35.7,83.2,0.291,41.67,Rainy,1,Low
1/1/2020,39,24.3,55.7,,,,4,Moderate
1/2/2020,40.9,23.6,50.5,,,,3,Moderate
1/3/2020,47.8,33,56.3,,,,1,Low
1/4/2020,45.2,38.8,78.4,0.124,33.33,Rainy,0,Low
1/5/2020,37.2,23.9,59.6,0.122,25,Rainy,3,Moderate
1/6/2020,33.3,20.4,59,,,,3,Moderate
1/7/2020,37.9,20.8,50.3,,,,4,Moderate
1/8/2020,37.2,22,56.2,0.023,8.33,Rainy,4,Moderate
1/9/2020,28,2.8,33.8,,,,4,Moderate
1/10/2020,42.5,29.2,59.6,,,,2,Low
1/11/2020,59.4,48.1,66.9,,,,4,Moderate
1/12/2020,62.3,46.1,57.5,0.02,4.17,Rainy,4,Moderate
1/13/2020,38.9,30.4,71.8,0.011,4.17,Rainy,1,Low
1/14/2020,39.8,32.9,76.4,,,,2,Low
1/15/2020,45.1,31.3,60.4,,,,4,Moderate
1/16/2020,39.9,26.5,60.1,0.099,20.83,Rainy,4,Moderate
1/17/2020,21.2,-4,33.2,,,,4,Moderate
1/18/2020,20.2,1.9,46.2,0.241,20.83,Snowfall,2,Low
1/19/2020,34.2,21.5,62,0.05,8.33,Snowfall,4,Moderate
1/20/2020,23.9,1.9,39.4,,,,5,Moderate
1/21/2020,22.9,1.1,38.3,,,,4,Moderate
1/22/2020,29.8,12.3,48,,,,4,Moderate
1/23/2020,37.5,15.3,43,,,,4,Moderate
1/24/2020,40.3,26.3,58.4,,,,4,Moderate
1/25/2020,43.8,37.2,77.8,0.695,25,Rainy,1,Low
1/26/2020,45.9,33.6,63.3,,,,5,Moderate
1/27/2020,42.5,27.3,55,,,,3,Moderate
1/28/2020,39.7,22.9,50.9,,,,2,Low
1/29/2020,35.8,12.2,38.6,,,,5,Moderate
1/30/2020,28.6,9.4,44.6,,,,5,Moderate
1/31/2020,36.8,20.1,51.4,,,,5,Moderate
2/1/2020,38,31.8,78,0.019,4.17,Rainy,3,Moderate
2/2/2020,39.4,24.9,57,,,,4,Moderate
2/3/2020,42,26.2,53.9,,,,5,Moderate
2/4/2020,41.7,31.8,67.9,,,,2,Low
2/5/2020,39.7,23.8,54.4,0.056,16.67,Rainy,2,Low
2/6/2020,38,31.7,78.8,0.446,54.17,Snowfall,1,Low
2/7/2020,38.7,31.8,77,0.325,50,Snowfall,1,Low
2/8/2020,30.1,10.2,43.3,,,,6,High
2/9/2020,28.8,15.4,57,,,,5,Moderate
2/10/2020,44.1,36,73.2,0.168,33.33,Rainy,2,Low
2/11/2020,41.8,37,83,0.179,37.5,Rainy,0,Low
2/12/2020,41.2,22.9,49.2,,,,5,Moderate
2/13/2020,38.5,32.9,80.5,0.533,41.67,Snowfall,1,Low
2/14/2020,27.9,8.8,46.1,,,,6,High
2/15/2020,21.2,-0.2,39.3,,,,6,High
2/16/2020,38.2,19.7,47.5,,,,3,Moderate
2/17/2020,40.6,18.8,43,,,,6,High
2/18/2020,38.2,26.7,64.2,0.448,33.33,Rainy,2,Low
2/19/2020,41.5,20.1,45.3,,,,6,High
2/20/2020,30.5,5.7,34.7,,,,6,High
2/21/2020,25.7,1,34.5,,,,6,High
2/22/2020,38.5,10.1,31.1,,,,6,High
2/23/2020,44.5,18.9,37,,,,6,High
2/24/2020,48.7,24.9,41.6,,,,6,High
2/25/2020,46.8,38.6,73.3,0.149,12.5,Rainy,4,Moderate
2/26/2020,45.4,39.1,78.8,0.254,20.83,Rainy,4,Moderate
2/27/2020,43.6,30,62,0.747,33.33,Rainy,8,Very High
2/28/2020,33.6,8.3,34.3,,,,6,High
2/29/2020,29,8.1,41.2,,,,6,High
3/1/2020,25.8,6.8,44.6,,,,7,High
3/2/2020,39.1,25.3,57.8,,,,5,Moderate
3/3/2020,50.8,40.7,69.1,0.034,12.5,Rainy,6,High
3/4/2020,46.3,27.3,49.5,0.031,8.33,Rainy,5,Moderate
3/5/2020,43.4,21,42.7,,,,7,High
3/6/2020,38.1,30,73,,,,5,Moderate
3/7/2020,35.8,5,30.5,,,,7,High
3/8/2020,41.6,10,27.9,,,,6,High
3/9/2020,57,21.8,28.1,,,,7,High
3/10/2020,52.3,37.8,61.3,,,,5,Moderate
3/11/2020,47.5,33.8,60.1,,,,7,High
3/12/2020,39.8,29.1,66.6,,,,3,Moderate
3/13/2020,47.6,40.2,78.4,0.292,33.33,Rainy,2,Low
3/14/2020,45,22.2,40.7,,,,7,High
3/15/2020,39,14.2,37.4,,,,7,High
3/16/2020,31.3,12.6,46.4,,,,7,High
3/17/2020,37.9,32.6,81.6,0.035,12.5,Snowfall,2,Low
3/18/2020,42.9,24.2,48.8,,,,7,High
3/19/2020,40.6,36.8,86.9,0.566,45.83,Rainy,2,Low
3/20/2020,51.7,46.7,84.3,0.022,16.67,Rainy,5,Moderate
3/21/2020,44,23.1,44.3,,,,8,Very High
3/22/2020,30.1,9.3,41.9,,,,8,Very High
3/23/2020,34.2,25.5,71.4,1.043,33.33,Snowfall,3,Moderate
3/24/2020,40.7,32.4,73.8,0.684,29.17,Snowfall,7,High
3/25/2020,39.9,31.1,70.6,,,,4,Moderate
3/26/2020,39.8,28.2,64.1,,,,8,Very High
3/27/2020,52.1,26.7,42.9,0.011,4.17,Rainy,8,Very High
3/28/2020,44.5,27.3,52.8,0.056,12.5,Rainy,6,High
3/29/2020,41.3,39.1,92.2,0.739,83.33,Rainy,1,Low
3/30/2020,39.5,37.3,91.6,0.118,29.17,Rainy,3,Moderate
3/31/2020,36.2,29.5,77,0.012,4.17,Rainy,8,Very High
4/1/2020,37.3,28.8,71.5,,,,4,Moderate
4/2/2020,41.7,34.4,75.6,0.102,41.67,Rainy,3,Moderate
4/3/2020,43.3,40.8,90.9,0.832,100,Rainy,1,Low
4/4/2020,40.8,36.2,83.8,0.113,16.67,Rainy,8,Very High
4/5/2020,44.5,37.3,76,,,,5,Moderate
4/6/2020,51,28.7,47.8,,,,8,Very High
4/7/2020,52.1,24.1,35.2,,,,9,Very High
4/8/2020,45.3,38,75.9,0.07,16.67,Rainy,5,Moderate
4/9/2020,44.6,38.9,80.7,0.645,37.5,Rainy,1,Low
4/10/2020,42.3,25.9,52.7,0.012,8.33,Rainy,7,High
4/11/2020,44.2,22.2,44.1,,,,9,Very High
4/12/2020,48.3,26.6,44.3,,,,7,High
4/13/2020,56.1,52.1,86.7,0.541,66.67,Rainy,1,Low
4/14/2020,52,28.4,42.4,,,,7,High
4/15/2020,45.9,21.9,41.2,,,,8,Very High
4/16/2020,40.8,19,43,,,,7,High
4/17/2020,41.9,17.5,38.2,,,,9,Very High
4/18/2020,37.3,32.8,84.5,0.676,62.5,Snowfall,2,Low
4/19/2020,48.2,30.8,53.3,,,,8,Very High
4/20/2020,46.3,31.1,55.7,,,,4,Moderate
4/21/2020,43,30.9,63.3,0.334,16.67,Rainy,6,High
4/22/2020,38.7,15.2,38.6,,,,6,High
4/23/2020,43.9,12.8,29,,,,9,Very High
4/24/2020,42.6,34.4,73.8,0.215,45.83,Rainy,2,Low
4/25/2020,46.7,33.6,61.6,,,,8,Very High
4/26/2020,44.3,35.6,72.4,0.21,33.33,Rainy,3,Moderate
4/27/2020,40.2,37.7,90.5,0.606,100,Rainy,2,Low
4/28/2020,41.4,32.9,71.9,0.038,8.33,Rainy,8,Very High
4/29/2020,44.8,35.7,70.6,,,,9,Very High
4/30/2020,45.8,39.6,79.2,0.004,8.33,Rainy,3,Moderate
5/1/2020,53.3,50.8,91.5,0.788,37.5,Rainy,3,Moderate
5/2/2020,58,35.7,47.7,0.026,12.5,Rainy,9,Very High
5/3/2020,65.3,43.7,47.9,,,,9,Very High
5/4/2020,61.4,37.7,43.5,,,,9,Very High
5/5/2020,50.6,28.4,43.1,,,,9,Very High
5/6/2020,46.3,34.2,63,,,,8,Very High
5/7/2020,52.5,28.8,47.4,0.011,4.17,Rainy,8,Very High
5/8/2020,49.7,30.1,51,0.186,20.83,Rainy,6,High
5/9/2020,40.2,25.7,60,0.171,25,Rainy,9,Very High
5/10/2020,47.1,24.9,43.5,,,,10,Very High
5/11/2020,50.9,40.7,69.2,0.234,25,Rainy,6,High
5/12/2020,48.5,27.6,47.5,,,,7,High
5/13/2020,49.4,19.8,33.1,,,,9,Very High
5/14/2020,57.8,24.3,29.1,,,,7,High
5/15/2020,61.3,52.3,73.6,0.513,20.83,Rainy,6,High
5/16/2020,60.3,49.7,70,0.19,12.5,Rainy,7,High
5/17/2020,55.7,45.1,68.3,,,,5,Moderate
5/18/2020,53.3,43.8,70.6,,,,3,Moderate
5/19/2020,50.8,40,66.9,,,,6,High
5/20/2020,51.5,36.8,58.2,,,,6,High
5/21/2020,59.2,35.9,44.5,,,,6,High
5/22/2020,69.1,49.7,52.7,,,,6,High
5/23/2020,58.5,47.2,66.7,,,,3,Moderate
5/24/2020,49.8,40.1,69.8,,,,6,High
5/25/2020,51,48.1,89.8,,,,4,Moderate
5/26/2020,58.3,54.6,88.2,,,,6,High
5/27/2020,71,60.5,72,,,,6,High
5/28/2020,70.8,63.6,78.7,,,,3,Moderate
5/29/2020,73.1,66.5,80.9,,,,5,Moderate
5/30/2020,73,56.9,61.5,0.089,8.33,Rainy,6,High
5/31/2020,62.2,37,40.7,,,,6,High
6/1/2020,56,30.1,38.4,,,,6,High
6/2/2020,56.5,42.8,60.3,0.02,8.33,Rainy,6,High
6/3/2020,66.9,55.3,67.4,0.011,4.17,Rainy,5,Moderate
6/4/2020,73.7,56.6,59.3,,,,6,High
6/5/2020,72.5,64.3,76.2,0.157,8.33,Rainy,4,Moderate
6/6/2020,73.3,65.2,77.3,0.156,12.5,Rainy,6,High
6/7/2020,60.3,52,74.5,,,,3,Moderate
6/8/2020,66.9,43.4,45.3,,,,6,High
6/9/2020,66.6,47.3,50.8,,,,6,High
6/10/2020,61.7,54.2,77.1,,,,6,High
6/11/2020,68.1,63.9,86.8,0.637,20.83,Rainy,3,Moderate
6/12/2020,74.1,57.5,62.1,0.092,4.17,Rainy,7,High
6/13/2020,63.5,43.6,48.6,,,,7,High
6/14/2020,59.4,47.3,64.9,,,,6,High
6/15/2020,59.1,49.8,72.2,,,,6,High
6/16/2020,62.6,50,64.1,,,,6,High
6/17/2020,65.1,53.7,68.4,,,,6,High
6/18/2020,73.3,61.2,67.4,,,,6,High
6/19/2020,77.2,63.9,65.6,,,,6,High
6/20/2020,79.9,62.9,58.2,,,,6,High
6/21/2020,77.1,65.2,67.6,0.003,8.33,Rainy,5,Moderate
6/22/2020,66.3,63.1,89.6,,,,6,High
6/23/2020,74.2,65.2,76.1,,,,6,High
6/24/2020,76.6,67,73.7,0.016,16.67,Rainy,5,Moderate
6/25/2020,76.8,52.5,44.5,,,,7,High
6/26/2020,75.4,57.7,55.6,,,,5,Moderate
6/27/2020,73.1,57.2,59.7,0.024,8.33,Rainy,4,Moderate
6/28/2020,69.3,63.8,83.3,1.177,33.33,Rainy,6,High
6/29/2020,66.4,63.8,91.4,0.262,45.83,Rainy,2,Low
6/30/2020,64.4,62.3,92.7,0.176,20.83,Rainy,2,Low
7/1/2020,66.6,63.9,91.2,0.073,20.83,Rainy,7,High
7/2/2020,73.7,65.1,76.3,0.009,4.17,Rainy,7,High
7/3/2020,69.1,62.7,80.5,,,,2,Low
7/4/2020,65.4,61,85.8,,,,6,High
7/5/2020,70.6,65.1,83.2,0.042,8.33,Rainy,6,High
7/6/2020,66.3,62.2,86.9,0.065,8.33,Rainy,6,High
7/7/2020,69,58.8,72.8,,,,6,High
7/8/2020,75.6,67.3,76.4,,,,4,Moderate
7/9/2020,78.1,70.1,77,,,,6,High
7/10/2020,72.5,69,88.8,,,,5,Moderate
7/11/2020,78.7,70.6,77.9,0.012,8.33,Rainy,6,High
7/12/2020,80.3,67,66,,,,7,High
7/13/2020,75.9,65.7,71.2,0.074,16.67,Rainy,6,High
7/14/2020,70.5,64.4,81.7,0.6,12.5,Rainy,5,Moderate
7/15/2020,65.3,59.4,81.7,0.052,8.33,Rainy,7,High
7/16/2020,64.6,55.9,73.7,,,,7,High
7/17/2020,65.5,59.7,81.5,0.112,16.67,Rainy,3,Moderate
7/18/2020,78.3,64.7,66.9,,,,7,High
7/19/2020,82.2,67.1,62,,,,6,High
7/20/2020,83.3,67.6,61.1,,,,6,High
7/21/2020,82.7,57.9,43.8,,,,6,High
7/22/2020,72.8,61.9,71,0.122,33.33,Rainy,6,High
7/23/2020,75.8,70,83.8,0.783,25,Rainy,6,High
7/24/2020,74.1,65.1,73.9,,,,5,Moderate
7/25/2020,76.6,64.6,67.8,,,,7,High
7/26/2020,82.4,62.6,53.3,,,,6,High
7/27/2020,86,64.8,50.4,,,,6,High
7/28/2020,85.9,65.7,52.3,0.001,4.17,Rainy,7,High
7/29/2020,79.4,58.9,50,,,,6,High
7/30/2020,77.7,64.9,65.6,,,,7,High
7/31/2020,74.3,62.5,67.4,,,,6,High
8/1/2020,75.5,63.1,66.1,,,,6,High
8/2/2020,77.2,67.4,73.9,0.076,12.5,Rainy,5,Moderate
8/3/2020,83.9,66.1,58.9,,,,6,High
8/4/2020,74.4,67.4,79.1,0.17,8.33,Rainy,3,Moderate
8/5/2020,80.3,62.8,58.6,,,,7,High
8/6/2020,75.8,54.3,47.7,,,,6,High
8/7/2020,69.9,59.7,70.9,,,,6,High
8/8/2020,71.1,59.5,68.3,,,,6,High
8/9/2020,77.2,65.9,70.5,,,,6,High
8/10/2020,82.3,66.4,61.8,,,,7,High
8/11/2020,82.1,68.8,65.7,,,,6,High
8/12/2020,80.9,68.1,67.2,,,,6,High
8/13/2020,77.6,59.5,54.6,,,,5,Moderate
8/14/2020,72.9,61,67.3,,,,6,High
8/15/2020,67.6,60,76.9,,,,2,Low
8/16/2020,66.7,61.9,84.6,0.133,16.67,Rainy,2,Low
8/17/2020,65.8,59.4,80.4,0.11,16.67,Rainy,5,Moderate
8/18/2020,74.3,57.9,62,0.157,16.67,Rainy,6,High
8/19/2020,68.8,55.8,63.8,0.058,8.33,Rainy,5,Moderate
8/20/2020,70.4,50.3,52.1,,,,6,High
8/21/2020,75.9,58.3,57.9,,,,6,High
8/22/2020,73.7,63.9,71.7,0.017,16.67,Rainy,6,High
8/23/2020,72.3,64.9,78.7,1.325,25,Rainy,6,High
8/24/2020,75.9,67.8,77.6,,,,6,High
8/25/2020,78.2,64.5,65.7,,,,5,Moderate
8/26/2020,68,42.7,41.3,,,,6,High
8/27/2020,62.9,49.8,64,0.166,12.5,Rainy,1,Low
8/28/2020,68.6,59.2,73.8,,,,5,Moderate
8/29/2020,71.1,67.7,89,0.078,16.67,Rainy,2,Low
8/30/2020,70.3,51.2,52.4,,,,6,High
8/31/2020,64.9,51.2,61.6,,,,6,High
9/1/2020,65.9,57.2,74.2,,,,5,Moderate
9/2/2020,65.6,62.9,90.9,0.2,20.83,Rainy,1,Low
9/3/2020,71,67.5,89,0.012,8.33,Rainy,3,Moderate
9/4/2020,75,57.4,59.2,,,,6,High
9/5/2020,69.2,45.6,44,,,,6,High
9/6/2020,68.4,54,61,,,,5,Moderate
9/7/2020,70.1,57.6,67.7,,,,6,High
9/8/2020,69.2,62.6,80.5,,,,5,Moderate
9/9/2020,69.9,63.4,80.7,,,,5,Moderate
9/10/2020,74.2,70.2,87.8,0.265,25,Rainy,3,Moderate
9/11/2020,64.6,57.5,78.2,,,,4,Moderate
9/12/2020,59.8,48.5,67.2,,,,6,High
9/13/2020,64,55.1,74,,,,5,Moderate
9/14/2020,68.6,50.6,56.4,,,,5,Moderate
9/15/2020,55.7,41.6,59.3,,,,5,Moderate
9/16/2020,61.7,50.3,67.7,,,,5,Moderate
9/17/2020,67.3,54.3,65.7,,,,5,Moderate
9/18/2020,59.8,46.3,62.1,,,,4,Moderate
9/19/2020,53,30.3,42.3,,,,6,High
9/20/2020,51.7,32.2,47.5,,,,6,High
9/21/2020,52.9,35,51.3,,,,5,Moderate
9/22/2020,55.5,31.4,41.7,,,,3,Moderate
9/23/2020,65.9,44.7,47,,,,5,Moderate
9/24/2020,69,52.5,57.5,,,,5,Moderate
9/25/2020,63.8,55.7,75.7,,,,5,Moderate
9/26/2020,64.6,58.4,81.4,,,,5,Moderate
9/27/2020,68.8,64.5,86.6,,,,4,Moderate
9/28/2020,69.8,65.3,86.8,0.05,8.33,Rainy,5,Moderate
9/29/2020,68.9,62.6,81.4,,,,5,Moderate
9/30/2020,69.6,59.1,71.1,0.475,37.5,Rainy,4,Moderate
10/1/2020,65.3,53.6,67,,,,5,Moderate
10/2/2020,59.2,51.1,75.1,0.02,8.33,Rainy,2,Low
10/3/2020,55.8,45.9,70.2,,,,5,Moderate
10/4/2020,55.6,42.5,62.5,,,,5,Moderate
10/5/2020,56.7,51.6,83.4,,,,4,Moderate
10/6/2020,58.6,50.3,76.5,,,,5,Moderate
10/7/2020,61.8,50.7,68.7,0.02,8.33,Rainy,5,Moderate
10/8/2020,56.2,34.3,44.9,,,,5,Moderate
10/9/2020,51.6,30.3,45.8,,,,5,Moderate
10/10/2020,65.1,52.5,65.3,,,,4,Moderate
10/11/2020,57.7,44.1,60.7,,,,5,Moderate
10/12/2020,52.6,41.2,65.2,,,,2,Low
10/13/2020,54.8,52.4,91.8,1.477,75,Rainy,1,Low
10/14/2020,58.3,45.2,65.9,0.011,4.17,Rainy,5,Moderate
10/15/2020,59.6,50.2,73.6,,,,4,Moderate
10/16/2020,59.3,56.8,91.7,0.475,33.33,Rainy,2,Low
10/17/2020,50,38.1,67.9,1.418,41.67,Rainy,5,Moderate
10/18/2020,49.4,39.4,69.3,,,,4,Moderate
10/19/2020,51.2,45,79.9,,,,4,Moderate
10/20/2020,57.1,53.8,89.2,,,,3,Moderate
10/21/2020,58.8,57.6,95.9,0.063,20.83,Rainy,3,Moderate
10/22/2020,60.8,57.6,89.9,,,,4,Moderate
10/23/2020,57.2,54.5,91.1,,,,4,Moderate
10/24/2020,59.2,51.1,75.4,,,,3,Moderate
10/25/2020,46.1,33.6,61.7,,,,2,Low
10/26/2020,51,43.7,77.2,0.011,8.33,Rainy,1,Low
10/27/2020,50.9,40.9,70.1,,,,2,Low
10/28/2020,46.4,42.8,87.3,0.283,50,Rainy,1,Low
10/29/2020,46.3,42.9,87.9,0.868,50,Rainy,1,Low
10/30/2020,34.2,31.2,89,0.324,66.67,Snowfall,1,Low
10/31/2020,33.9,23.7,67.2,,,,4,Moderate
11/1/2020,44.3,38.3,79.9,0.622,37.5,Rainy,2,Low
11/2/2020,38.7,23.7,55.6,,,,2,Low
11/3/2020,37.5,19.9,49.5,,,,4,Moderate
11/4/2020,43.4,30.1,60.1,,,,4,Moderate
11/5/2020,58.4,48.9,72.8,,,,4,Moderate
11/6/2020,61.3,47.8,64,,,,4,Moderate
11/7/2020,62.1,44.9,54.9,,,,4,Moderate
11/8/2020,57.4,45.9,67.2,,,,4,Moderate
11/9/2020,51.2,46.6,84.8,,,,4,Moderate
11/10/2020,60.2,50.2,71.3,,,,4,Moderate
11/11/2020,65.2,60,83.9,,,,2,Low
11/12/2020,58.1,49.2,73.6,0.012,4.17,Rainy,0,Low
11/13/2020,45.9,42.7,88.7,0.231,50,Rainy,0,Low
11/14/2020,43.1,31.8,65.7,,,,3,Moderate
11/15/2020,43.2,31.7,64.5,0.092,12.5,Rainy,4,Moderate
11/16/2020,49,33.4,56.6,0.309,12.5,Rainy,3,Moderate
11/17/2020,42.2,25.2,51.3,,,,3,Moderate
11/18/2020,29.9,11.7,46.7,,,,3,Moderate
11/19/2020,33.1,19.1,56.4,,,,3,Moderate
11/20/2020,53.2,33.6,48.1,,,,3,Moderate
11/21/2020,53.6,34.4,49,,,,4,Moderate
11/22/2020,42,32.5,69.1,,,,1,Low
11/23/2020,47.6,42.2,82.6,1.814,37.5,Rainy,0,Low
11/24/2020,37.1,20.2,51.2,,,,3,Moderate
11/25/2020,38.5,28,65.7,0.011,4.17,Rainy,2,Low
11/26/2020,49.7,47.8,92.9,0.292,41.67,Rainy,1,Low
11/27/2020,49.2,44.2,83.6,,,,2,Low
11/28/2020,47.6,35.9,64.3,,,,2,Low
11/29/2020,43.7,28.7,56.3,,,,3,Moderate
11/30/2020,49.6,46.4,88.6,0.843,50,Rainy,1,Low
12/1/2020,56,47.9,75.7,0.443,16.67,Rainy,2,Low
12/2/2020,39.8,25.8,57.2,,,,3,Moderate
12/3/2020,41.4,24.8,52.2,,,,3,Moderate
12/4/2020,48.6,32.7,55.7,0.023,8.33,Rainy,2,Low
12/5/2020,39.7,37.8,92.8,1.721,83.33,Snowfall,0,Low
12/6/2020,33.7,22.5,63.8,,,,4,Moderate
12/7/2020,29.8,18.8,63.4,,,,3,Moderate
12/8/2020,28.8,18.8,66.1,,,,2,Low
12/9/2020,30.7,20.9,67.2,,,,2,Low
12/10/2020,38.3,27.1,64.6,,,,3,Moderate
12/11/2020,40.6,32.6,73.9,,,,3,Moderate
12/12/2020,42.2,41.2,96.1,0.482,29.17,Rainy,1,Low
12/13/2020,47.4,41.1,81.1,,,,3,Moderate
12/14/2020,36.2,29.4,76.4,0.068,25,Snowfall,1,Low
12/15/2020,31.6,10.8,43.3,,,,3,Moderate
12/16/2020,22.8,8.6,54.4,0.006,4.17,Snowfall,2,Low
12/17/2020,25,21.9,88.1,0.311,50,Snowfall,2,Low
12/18/2020,25.4,13.4,60.3,,,,2,Low
12/19/2020,23.5,14.9,69.3,,,,3,Moderate
12/20/2020,30.3,24.8,80,0.032,12.5,Snowfall,1,Low
12/21/2020,33.2,30,88.3,,,,1,Low
12/22/2020,38.2,26.7,63.4,,,,3,Moderate
12/23/2020,34.3,19.4,54.7,,,,3,Moderate
12/24/2020,42.7,39.1,87,,,,2,Low
12/25/2020,52.4,49.7,91.1,1.507,70.83,Rainy,1,Low
12/26/2020,32.3,18.1,55.6,,,,4,Moderate
12/27/2020,31.2,18.2,58.7,,,,3,Moderate
12/28/2020,38.9,32.4,77.8,,,,2,Low
12/29/2020,33.7,11.4,40.5,,,,3,Moderate
12/30/2020,30.8,13.9,50.4,,,,3,Moderate
12/31/2020,41.5,30.8,66.2,0.1,12.5,Rainy,1,Low
1/1/2021,33.5,22.4,63.9,0.032,4.17,Rainy,3,Moderate
1/2/2021,38.9,35,86.5,0.487,50,Rainy,1,Low
1/3/2021,32.3,26.7,79.8,0.031,8.33,Snowfall,1,Low
1/4/2021,33.6,27.9,79.6,,,,3,Moderate
1/5/2021,31.4,27.2,84.1,0.011,4.17,Snowfall,1,Low
1/6/2021,33.2,23.2,67.5,,,,3,Moderate
1/7/2021,34.1,17.5,50.7,,,,4,Moderate
1/8/2021,31.4,14.4,51.1,,,,4,Moderate
1/9/2021,29.8,14.6,52.8,,,,3,Moderate
1/10/2021,33.1,16.3,50.5,,,,4,Moderate
1/11/2021,31.3,17.4,56.5,,,,1,Low
1/12/2021,33.7,20.6,59.2,,,,4,Moderate
1/13/2021,35.4,23.2,60.9,,,,4,Moderate
1/14/2021,35,29.9,82.2,0.106,29.17,Snowfall,1,Low
1/15/2021,36.9,31.9,82.6,,,,3,Moderate
1/16/2021,43.1,39.2,86.6,1.049,45.83,Rainy,2,Low
1/17/2021,38.8,24.9,57.5,,,,3,Moderate
1/18/2021,38.9,24.2,55.6,,,,3,Moderate
1/19/2021,33.2,18.5,55.3,,,,4,Moderate
1/20/2021,32.6,18.2,55.6,,,,2,Low
1/21/2021,26.4,13.8,59.3,,,,2,Low
1/22/2021,36.3,23.7,60.3,,,,4,Moderate
1/23/2021,27.1,10.1,49,,,,4,Moderate
1/24/2021,23,1.1,38.8,,,,4,Moderate
1/25/2021,26.5,5.7,41.8,,,,4,Moderate
1/26/2021,28.2,18.9,68.9,0.209,20.83,Snowfall,3,Moderate
1/27/2021,31.6,28.2,87,0.086,29.17,Snowfall,2,Low
1/28/2021,28.7,22.4,78.2,0.055,25,Snowfall,1,Low
1/29/2021,13,-2.3,49.7,,,,4,Moderate
1/30/2021,13.5,-1.4,51.4,,,,4,Moderate
1/31/2021,15.6,4.3,60.5,,,,4,Moderate
2/1/2021,29.2,24.1,81.5,0.652,37.5,Snowfall,1,Low
2/2/2021,31.7,30,93.4,0.249,45.83,Snowfall,2,Low
2/3/2021,31.2,25.8,80.5,,,,3,Moderate
2/4/2021,32.3,24.3,72.8,0.011,4.17,Snowfall,4,Moderate
2/5/2021,33.6,29.3,84.2,0.011,4.17,Rainy,2,Low
2/6/2021,35.3,19.1,54.9,,,,5,Moderate
2/7/2021,30.3,23.3,77.2,0.435,33.33,Snowfall,1,Low
2/8/2021,23.8,8.3,52.4,,,,5,Moderate
2/9/2021,24.4,16.8,74.3,0.176,33.33,Snowfall,2,Low
2/10/2021,24.8,13.2,62.9,,,,4,Moderate
2/11/2021,24.6,8.8,51.1,,,,4,Moderate
2/12/2021,19.4,-1,40.7,,,,5,Moderate
2/13/2021,23.2,6.9,50.7,,,,4,Moderate
2/14/2021,29.9,20.3,67.4,,,,3,Moderate
2/15/2021,29.6,24.7,82.5,0.033,12.5,Snowfall,1,Low
2/16/2021,35.3,34,95.8,0.639,50,Snowfall,2,Low
2/17/2021,27,7.7,44.3,,,,5,Moderate
2/18/2021,27.2,14.2,60.3,0.092,16.67,Snowfall,2,Low
2/19/2021,27.4,24.7,89.7,0.424,70.83,Snowfall,1,Low
2/20/2021,27.3,17.9,69,,,,3,Moderate
2/21/2021,26.2,9.7,50.5,,,,5,Moderate
2/22/2021,31.1,23.5,74,0.17,29.17,Rainy,4,Moderate
2/23/2021,37.6,28.9,71.6,,,,5,Moderate
2/24/2021,43.1,27.8,55.4,,,,6,High
2/25/2021,42,21.5,45.2,,,,6,High
2/26/2021,32.6,15.6,50.3,,,,6,High
2/27/2021,37.5,34.2,87.9,0.178,29.17,Snowfall,1,Low
2/28/2021,38.9,30.7,72.7,,,,2,Low
3/1/2021,38.4,31.8,80.5,0.205,37.5,Rainy,1,Low
3/2/2021,21.6,-5.7,29.6,,,,6,High
3/3/2021,36.5,13.2,38.3,,,,6,High
3/4/2021,36.9,15.6,43.2,,,,8,Very High
3/5/2021,28.8,-1.1,28.9,,,,6,High
3/6/2021,28.4,4.8,36.5,,,,6,High
3/7/2021,30.1,6.6,37.1,,,,7,High
3/8/2021,32.2,12.9,44.9,,,,6,High
3/9/2021,47,20,34.8,,,,7,High
3/10/2021,41.8,27.6,57.4,,,,6,High
3/11/2021,53.1,36.5,58.4,,,,6,High
3/12/2021,58,24.1,30.3,,,,6,High
3/13/2021,41.1,7.8,25.6,,,,7,High
3/14/2021,38.1,12.5,35.5,,,,7,High
3/15/2021,23.1,-6.1,28,,,,7,High
3/16/2021,27.9,2.2,33,,,,7,High
3/17/2021,40.8,22,47.9,,,,6,High
3/18/2021,43.4,35.5,74,0.576,33.33,Rainy,2,Low
3/19/2021,37.8,10.2,35,0.018,4.17,Rainy,7,High
3/20/2021,45.5,11.9,25.9,,,,8,Very High
3/21/2021,47.1,24.4,42,,,,7,High
3/22/2021,46.5,31.6,57.4,,,,7,High
3/23/2021,48.4,39.3,71,,,,7,High
3/24/2021,47.8,41.3,78.3,,,,5,Moderate
3/25/2021,51.4,47,85,0.137,29.17,Rainy,4,Moderate
3/26/2021,60.6,52.7,76.6,0.012,8.33,Rainy,3,Moderate
3/27/2021,50.1,34.8,56.5,,,,8,Very High
3/28/2021,47.6,42.7,83.1,0.564,37.5,Rainy,1,Low
3/29/2021,49.1,24.5,41.7,0.113,12.5,Rainy,9,Very High
3/30/2021,47,25.4,44,,,,7,High
3/31/2021,57.1,45.8,67.3,0.008,4.17,Rainy,7,High
4/1/2021,47.1,39.5,76.2,1.094,45.83,Rainy,3,Moderate
4/2/2021,34.3,13.9,43,,,,8,Very High
4/3/2021,39.1,14.4,38,,,,8,Very High
4/4/2021,49.1,14.9,26.5,,,,8,Very High
4/5/2021,52,21,29.6,,,,4,Moderate
4/6/2021,51.4,31.6,47.4,,,,8,Very High
4/7/2021,51.5,39.5,63.6,,,,5,Moderate
4/8/2021,52.4,42.3,68.9,,,,7,High
4/9/2021,51.7,42.2,70.5,,,,7,High
4/10/2021,60.6,47,62.4,,,,7,High
4/11/2021,49,43,79.8,,,,2,Low
4/12/2021,46.6,39.9,77.5,,,,3,Moderate
4/13/2021,50.4,37.6,61.9,,,,7,High
4/14/2021,48.7,38.6,68.1,,,,7,High
4/15/2021,47.5,38.3,70.6,0.151,12.5,Rainy,3,Moderate
4/16/2021,41,37.8,88.1,1.661,95.83,Snowfall,1,Low
4/17/2021,43.6,34.5,71.5,0.091,33.33,Rainy,5,Moderate
4/18/2021,51.8,35.4,55.1,,,,7,High
4/19/2021,55.3,40.8,58.8,0.012,4.17,Rainy,7,High
4/20/2021,63,39.2,44.4,,,,8,Very High
4/21/2021,56.7,44.3,64.4,0.241,20.83,Rainy,7,High
4/22/2021,40.6,18.4,41.7,,,,7,High
4/23/2021,49.7,21.9,34.6,,,,9,Very High
4/24/2021,61.9,28.6,29.5,,,,9,Very High
4/25/2021,53.5,40.3,61.9,0.115,16.67,Rainy,4,Moderate
4/26/2021,51.2,27.2,41.4,,,,8,Very High
4/27/2021,55.4,24,30.1,,,,6,High
4/28/2021,53.4,43.3,70.1,0.224,16.67,Rainy,7,High
4/29/2021,49.1,45.6,87.9,0.822,50,Rainy,2,Low
4/30/2021,55.8,42.7,64.1,0.111,16.67,Rainy,7,High
5/1/2021,53.8,33,50,0.137,12.5,Rainy,8,Very High
5/2/2021,63.6,38.6,41.1,0.012,4.17,Rainy,6,High
5/3/2021,58.3,42.8,57.2,0.011,4.17,Rainy,8,Very High
5/4/2021,50.2,44.1,79.9,0.654,54.17,Rainy,2,Low
5/5/2021,48.9,45.1,86.6,0.536,58.33,Rainy,1,Low
5/6/2021,58.2,37,50.6,0.011,4.17,Rainy,9,Very High
5/7/2021,52.3,36.3,55,,,,8,Very High
5/8/2021,50.8,37.1,59.5,,,,4,Moderate
5/9/2021,59.2,36.3,45.2,,,,8,Very High
5/10/2021,54.9,44.7,69.3,0.343,25,Rainy,4,Moderate
5/11/2021,58.8,30.6,37.6,,,,8,Very High
5/12/2021,57.2,33.2,41.2,,,,8,Very High
5/13/2021,60.6,35.8,40.9,,,,6,High
5/14/2021,65.7,37.1,35.6,,,,9,Very High
5/15/2021,67.3,40.5,37.8,,,,7,High
5/16/2021,67.2,40.1,38.2,0.011,8.33,Rainy,8,Very High
5/17/2021,63.8,46.7,54.4,,,,8,Very High
5/18/2021,72.6,43.7,37.8,,,,8,Very High
5/19/2021,68.1,43.8,41.7,,,,8,Very High
5/20/2021,62.2,48.4,61.2,,,,8,Very High
5/21/2021,67.6,49.5,54.3,,,,7,High
5/22/2021,73.6,55.6,54.6,,,,7,High
5/23/2021,77.8,58,51.4,,,,8,Very High
5/24/2021,61.3,42.3,50.6,,,,9,Very High
5/25/2021,65.5,46,50.5,,,,8,Very High
5/26/2021,75.9,60,59.8,0.21,12.5,Rainy,8,Very High
5/27/2021,73.5,55.3,56.1,0.085,12.5,Rainy,8,Very High
5/28/2021,56,37.6,52,0.526,16.67,Rainy,6,High
5/29/2021,49,43.4,81.1,1.636,66.67,Rainy,2,Low
5/30/2021,50.5,45.4,82.8,0.717,54.17,Rainy,1,Low
5/31/2021,56.1,49,77.7,0.157,37.5,Rainy,3,Moderate
6/1/2021,66.7,47,51,,,,7,High
6/2/2021,69.2,53.2,57.7,,,,8,Very High
6/3/2021,68.2,59.1,73,,,,5,Moderate
6/4/2021,72.1,63.6,74.9,0.106,4.17,Rainy,5,Moderate
6/5/2021,79.1,62.2,59.5,,,,8,Very High
6/6/2021,84.8,60,44.5,,,,8,Very High
6/7/2021,84.7,65.4,53.6,,,,9,Very High
6/8/2021,83.5,68.6,62,,,,8,Very High
6/9/2021,80.4,67.9,67.7,0.049,12.5,Rainy,8,Very High
6/10/2021,68.6,47.3,47.2,,,,8,Very High
6/11/2021,61.7,49.1,63.7,0.009,4.17,Rainy,7,High
6/12/2021,64.5,57.1,77.8,0.692,37.5,Rainy,6,High
6/13/2021,73.1,54.8,56.3,,,,9,Very High
6/14/2021,64.6,58.3,80.3,0.53,33.33,Rainy,2,Low
6/15/2021,67.3,62.5,84.8,0.029,16.67,Rainy,6,High
6/16/2021,69.3,47.5,49.3,,,,9,Very High
6/17/2021,71,43,38.1,,,,8,Very High
6/18/2021,73.8,48.1,41.7,,,,8,Very High
6/19/2021,78.8,58.4,51.3,0.002,8.33,Rainy,8,Very High
6/20/2021,79.1,60,53.1,,,,9,Very High
6/21/2021,78.1,68,71.7,,,,8,Very High
6/22/2021,74,65.5,76.1,0.899,29.17,Rainy,6,High
6/23/2021,65.3,49.1,57.6,0.001,4.17,Rainy,8,Very High
6/24/2021,66,53.4,65.1,,,,9,Very High
6/25/2021,64.2,59.9,86.1,0.094,29.17,Rainy,4,Moderate
6/26/2021,75.9,67,74.6,,,,7,High
6/27/2021,81.3,69.5,68.4,,,,7,High
6/28/2021,85.8,71.2,63,,,,8,Very High
6/29/2021,88.8,71.3,57.9,,,,8,Very High
6/30/2021,85.8,70.4,62.7,0.175,20.83,Rainy,8,Very High
7/1/2021,76.9,67.6,73.9,0.909,16.67,Rainy,5,Moderate
7/2/2021,63.2,60,89.6,2.007,54.17,Rainy,1,Low
7/3/2021,58.6,56.1,91.4,1.549,54.17,Rainy,2,Low
7/4/2021,61.3,56.3,83.8,0.397,25,Rainy,4,Moderate
7/5/2021,66,58.1,76.2,0.012,4.17,Rainy,8,Very High
7/6/2021,77.7,68.4,74.3,0.292,20.83,Rainy,7,High
7/7/2021,80.2,67.5,66.9,0.039,4.17,Rainy,9,Very High
7/8/2021,67.4,60.1,78.1,0.215,20.83,Rainy,4,Moderate
7/9/2021,69,64.6,86.5,2.062,62.5,Rainy,3,Moderate
7/10/2021,70.2,61.6,74.7,0.15,16.67,Rainy,4,Moderate
7/11/2021,71.8,63.7,76.3,0.032,12.5,Rainy,7,High
7/12/2021,67.9,64.3,88.3,1.216,33.33,Rainy,2,Low
7/13/2021,66.9,62.7,86.4,0.012,4.17,Rainy,4,Moderate
7/14/2021,70.1,66.4,88.4,,,,4,Moderate
7/15/2021,74.1,68.3,82.2,,,,8,Very High
7/16/2021,82.5,69.9,67.7,0.019,4.17,Rainy,8,Very High
7/17/2021,74.4,65.7,74.6,0.179,20.83,Rainy,7,High
7/18/2021,70.4,66.4,87,0.314,37.5,Rainy,2,Low
7/19/2021,68.9,65,87.5,0.002,8.33,Rainy,2,Low
7/20/2021,78.9,65.8,65.7,,,,7,High
7/21/2021,76.8,62.4,62.6,0.007,4.17,Rainy,7,High
7/22/2021,71.5,58.3,63.6,,,,8,Very High
7/23/2021,73.4,57.2,57.5,,,,8,Very High
7/24/2021,71.5,57.5,61.7,,,,8,Very High
7/25/2021,71.8,65.3,80.1,0.153,20.83,Rainy,3,Moderate
7/26/2021,81.3,64.1,60.3,,,,8,Very High
7/27/2021,78,62.4,60.4,0.12,8.33,Rainy,8,Very High
7/28/2021,69.5,59.9,72.3,0.092,4.17,Rainy,7,High
7/29/2021,72,60,66.5,0.002,8.33,Rainy,9,Very High
7/30/2021,73.8,58.1,60.7,0.153,16.67,Rainy,9,Very High
7/31/2021,69.1,46.8,45.5,,,,9,Very High
8/1/2021,70.6,53.8,55.9,,,,7,High
8/2/2021,74.3,56.5,55.7,,,,7,High
8/3/2021,71.8,57.3,60.7,,,,5,Moderate
8/4/2021,70.6,62.3,75.4,0.033,12.5,Rainy,5,Moderate
8/5/2021,67.1,63.6,88.6,1.961,75,Rainy,2,Low
8/6/2021,76.4,65.7,71.1,,,,8,Very High
8/7/2021,80.8,65.6,61.3,,,,7,High
8/8/2021,76.5,66.1,70.9,,,,5,Moderate
8/9/2021,71.5,66.3,83.9,1.08,20.83,Rainy,5,Moderate
8/10/2021,70.5,65.6,84.6,0.077,33.33,Rainy,6,High
8/11/2021,82.4,71.6,71.4,,,,7,High
8/12/2021,84.6,71.5,66.9,0.001,4.17,Rainy,7,High
8/13/2021,82.6,70.5,67.4,,,,7,High
8/14/2021,85.5,68.9,59,0.011,8.33,Rainy,7,High
8/15/2021,75.2,55.9,51.8,,,,7,High
8/16/2021,71.7,58.9,64.4,,,,7,High
8/17/2021,75.8,63.4,67,,,,7,High
8/18/2021,78.6,64.5,62.7,,,,6,High
8/19/2021,77.5,70.9,80.7,1.146,29.17,Rainy,4,Moderate
8/20/2021,76.3,70.6,82.8,0.05,12.5,Rainy,2,Low
8/21/2021,76.6,70.8,82.7,,,,7,High
8/22/2021,72.4,69.3,90.1,0.759,33.33,Rainy,3,Moderate
8/23/2021,72.4,69.1,89.4,1.201,25,Rainy,6,High
8/24/2021,79.5,69.4,73.5,0.473,12.5,Rainy,7,High
8/25/2021,83.6,67.6,60.4,,,,7,High
8/26/2021,85.5,69.9,61,,,,7,High
8/27/2021,81.9,69.3,66.3,,,,7,High
8/28/2021,69.7,56.9,64,0.07,12.5,Rainy,5,Moderate
8/29/2021,68.9,59.2,71.3,0.078,16.67,Rainy,3,Moderate
8/30/2021,78.7,69.3,73.7,0.001,4.17,Rainy,4,Moderate
8/31/2021,78.4,61.9,58.6,0.02,8.33,Rainy,5,Moderate
9/1/2021,70.1,60,71,0.826,41.67,Rainy,2,Low
9/2/2021,66.8,55.6,69.5,3.386,37.5,Rainy,6,High
9/3/2021,67.5,50.8,56.2,,,,8,Very High
9/4/2021,71.4,53.6,54.5,,,,7,High
9/5/2021,69.4,60.9,74.6,0.012,4.17,Rainy,3,Moderate
9/6/2021,75.2,60.6,63.8,0.038,8.33,Rainy,7,High
9/7/2021,73,53.9,52.1,,,,7,High
9/8/2021,74.7,62.2,66.4,,,,7,High
9/9/2021,73.6,67.8,82.3,0.579,58.33,Rainy,2,Low
9/10/2021,70.6,57.5,65.3,0.569,16.67,Rainy,6,High
9/11/2021,68.7,50.8,54,,,,7,High
9/12/2021,74.1,62.4,67.7,,,,6,High
9/13/2021,75.5,59.1,58.4,0.063,12.5,Rainy,7,High
9/14/2021,68.6,56.6,65.9,,,,7,High
9/15/2021,76.7,67.4,73.7,0.001,4.17,Rainy,5,Moderate
9/16/2021,69.4,62.8,79.7,0.312,25,Rainy,2,Low
9/17/2021,66.7,62.1,85.4,,,,2,Low
9/18/2021,68.6,63.9,85.3,0.029,8.33,Rainy,5,Moderate
9/19/2021,67.6,55.8,67.1,0.289,16.67,Rainy,7,High
9/20/2021,64.7,54.4,69.8,,,,7,High
9/21/2021,65.9,58.4,76.9,,,,7,High
9/22/2021,72.4,65.9,80.5,,,,3,Moderate
9/23/2021,72.8,65.8,79.5,0.031,4.17,Rainy,5,Moderate
9/24/2021,74.4,66.5,77.4,0.005,16.67,Rainy,2,Low
9/25/2021,68.5,56.9,67.6,0.012,8.33,Rainy,5,Moderate
9/26/2021,68.8,54.6,64.1,0.563,29.17,Rainy,7,High
9/27/2021,67.9,51.5,56.2,,,,5,Moderate
9/28/2021,68.1,59.4,74.5,0.71,45.83,Rainy,2,Low
9/29/2021,59.3,45.9,61.6,,,,6,High
9/30/2021,58.3,44.1,59.8,,,,5,Moderate
10/1/2021,59.4,43.3,57,,,,6,High
10/2/2021,63.9,49.8,61,,,,5,Moderate
10/3/2021,62.6,56.5,80.5,0.001,4.17,Rainy,4,Moderate
10/4/2021,60.4,55.4,83.6,0.923,91.67,Rainy,1,Low
10/5/2021,58.1,52.9,82.9,0.613,20.83,Rainy,1,Low
10/6/2021,61.9,51.5,69.6,,,,6,High
10/7/2021,64.1,55.2,73.6,,,,6,High
10/8/2021,64.4,54.7,71.2,,,,6,High
10/9/2021,62.5,51.8,68.4,,,,4,Moderate
10/10/2021,63.1,55.5,76.5,,,,3,Moderate
10/11/2021,64.3,58.8,82.3,,,,5,Moderate
10/12/2021,64.8,57.3,78,,,,6,High
10/13/2021,67.7,56.4,68.9,,,,5,Moderate
10/14/2021,66.4,58.3,76,,,,5,Moderate
10/15/2021,64.6,61,88.5,,,,5,Moderate
10/16/2021,69.7,63.4,80.8,,,,5,Moderate
10/17/2021,59.3,47.6,67.3,0.335,25,Rainy,6,High
10/18/2021,53.9,38.3,57.3,,,,6,High
10/19/2021,53.6,36,53.3,,,,5,Moderate
10/20/2021,60.8,47.9,63.6,,,,5,Moderate
10/21/2021,66.5,49.8,56.1,,,,5,Moderate
10/22/2021,64.6,52.9,68.2,,,,6,High
10/23/2021,53.8,38.3,55.9,,,,5,Moderate
10/24/2021,50.5,32.5,51.4,,,,5,Moderate
10/25/2021,53,50.7,92.4,0.735,50,Rainy,0,Low
10/26/2021,56.6,55.4,95.6,0.953,79.17,Rainy,1,Low
10/27/2021,49.8,46.7,89.2,0.196,70.83,Rainy,1,Low
10/28/2021,47,38.6,72.7,,,,2,Low
10/29/2021,46.3,39.4,76.8,,,,2,Low
10/30/2021,55.6,53.3,92.2,0.947,58.33,Rainy,1,Low
10/31/2021,59.5,53.3,81.3,0.487,37.5,Rainy,5,Moderate
11/1/2021,54.4,38.8,58,,,,5,Moderate
11/2/2021,51.1,32.1,48.4,,,,4,Moderate
11/3/2021,46.6,29.5,52.1,,,,5,Moderate
11/4/2021,42.6,29.8,61.5,,,,5,Moderate
11/5/2021,43.6,25.7,52.4,,,,5,Moderate
11/6/2021,42.9,28,56.1,,,,5,Moderate
11/7/2021,44.1,32.5,64.7,,,,5,Moderate
11/8/2021,48.9,34.7,59.5,,,,4,Moderate
11/9/2021,55.2,41,60.9,,,,4,Moderate
11/10/2021,54.8,40.2,59,,,,4,Moderate
11/11/2021,48.5,32.9,55.2,,,,4,Moderate
11/12/2021,56.2,50.9,82.4,0.562,41.67,Rainy,1,Low
11/13/2021,49,40.8,74.4,0.19,8.33,Rainy,4,Moderate
11/14/2021,44.1,32,63,,,,4,Moderate
11/15/2021,44.1,33.5,67.6,0.082,16.67,Rainy,4,Moderate
11/16/2021,41.9,25.2,52.3,,,,4,Moderate
11/17/2021,41.9,29.4,61.4,,,,3,Moderate
11/18/2021,59.4,51.2,75.4,,,,4,Moderate
11/19/2021,44.6,30.3,58.9,0.278,20.83,Rainy,4,Moderate
11/20/2021,38.6,21.3,50,,,,6,High
11/21/2021,46.6,38.5,73.8,,,,3,Moderate
11/22/2021,50.4,40.8,71.5,0.216,29.17,Rainy,2,Low
11/23/2021,34.3,15.3,45.8,,,,4,Moderate
11/24/2021,34.7,11.3,39.3,,,,4,Moderate
11/25/2021,44.4,22.8,42.6,,,,3,Moderate
11/26/2021,42.9,33.8,71.6,0.045,16.67,Rainy,1,Low
11/27/2021,34.7,21,57.9,,,,4,Moderate
11/28/2021,34.2,18.4,52.2,,,,3,Moderate
11/29/2021,35,20.3,54.9,,,,2,Low
11/30/2021,33.3,17.5,52.4,,,,4,Moderate
12/1/2021,39.5,27.1,62.3,,,,2,Low
12/2/2021,48.1,39.4,72.4,0.013,8.33,Rainy,3,Moderate
12/3/2021,40.2,22,49.4,0.011,4.17,Rainy,5,Moderate
12/4/2021,35.6,20.1,53.1,,,,3,Moderate
12/5/2021,41.1,22.8,49.1,,,,4,Moderate
12/6/2021,52.8,45.9,78,0.223,16.67,Rainy,2,Low
12/7/2021,39.3,20,46.1,0.001,4.17,Rainy,3,Moderate
12/8/2021,34.3,23.6,66.4,,,,1,Low
12/9/2021,31.3,19.3,62.7,0.011,4.17,Snowfall,4,Moderate
12/10/2021,36.2,25.1,64.5,,,,2,Low
12/11/2021,48.6,44.8,87.2,0.26,20.83,Rainy,0,Low
12/12/2021,44.7,22.1,42.1,0.042,8.33,Rainy,4,Moderate
12/13/2021,44.1,20.9,39.7,,,,3,Moderate
12/14/2021,45.2,18,34.3,,,,4,Moderate
12/15/2021,38.6,22,52.9,0.019,4.17,Rainy,3,Moderate
12/16/2021,54.4,46.2,75.4,0.176,29.17,Rainy,1,Low
12/17/2021,54.1,25.7,36.4,,,,4,Moderate
12/18/2021,39,28.2,67.5,0.474,37.5,Snowfall,1,Low
12/19/2021,33.4,27,78.2,0.468,37.5,Snowfall,2,Low
12/20/2021,26.2,12.2,55.8,,,,4,Moderate
12/21/2021,36.4,21.9,56.2,,,,3,Moderate
12/22/2021,38.7,31.4,76.2,0.092,12.5,Rainy,1,Low
12/23/2021,29.6,4.7,35.4,,,,4,Moderate
12/24/2021,26.7,11.8,56.2,,,,1,Low
12/25/2021,32.4,29.9,90.6,0.324,37.5,Snowfall,0,Low
12/26/2021,35.9,29.9,79.2,0.24,20.83,Snowfall,2,Low
12/27/2021,32.8,22.6,65.6,,,,2,Low
12/28/2021,39,30.8,74.2,0.045,20.83,Snowfall,3,Moderate
12/29/2021,39.9,30,68.1,,,,2,Low
12/30/2021,40.2,36.7,87.7,0.058,16.67,Rainy,1,Low
12/31/2021,42.6,40.7,93,,,,1,Low
1/1/2022,46.9,46.4,98.2,0.047,12.5,Rainy,0,Low
1/2/2022,43,40.2,90,0.229,37.5,Rainy,1,Low
1/3/2022,26.9,11.5,52,,,,1,Low
1/4/2022,24,4.5,43.2,,,,4,Moderate
1/5/2022,40.9,36.4,84.1,0.126,25,Rainy,1,Low
1/6/2022,37.5,25.4,63.1,,,,3,Moderate
1/7/2022,29.7,22.8,76.5,0.419,33.33,Snowfall,2,Low
1/8/2022,22.4,7,51.9,,,,4,Moderate
1/9/2022,35,26.3,70.6,0.012,8.33,Rainy,2,Low
1/10/2022,29.5,9.8,44.1,,,Snowfall,4,Moderate
1/11/2022,12.8,-6.2,42.7,,,Snowfall,4,Moderate
1/12/2022,27.8,11.5,51,,,,4,Moderate
1/13/2022,36.4,26.5,68.2,,,,4,Moderate
1/14/2022,34.5,24.7,69.2,,,,1,Low
1/15/2022,9.8,-12.8,34.9,,,,4,Moderate
1/16/2022,16.6,-0.7,46.7,,,,4,Moderate
1/17/2022,40.3,34.9,81.5,0.744,37.5,Snowfall,3,Moderate
1/18/2022,28.3,9.3,45.2,,,,4,Moderate
1/19/2022,33.6,18.9,54.8,,,,3,Moderate
1/20/2022,33.9,22.6,65.1,0.15,25,Snowfall,1,Low
1/21/2022,16.1,-1.3,45.7,,,,4,Moderate
1/22/2022,19,6.5,58.5,,,Snowfall,5,Moderate
1/23/2022,27.3,12.8,56.6,,,Snowfall,4,Moderate
1/24/2022,27.1,15.9,63.4,0.011,4.17,Snowfall,4,Moderate
1/25/2022,33.3,24.1,71.2,0.061,12.5,Snowfall,2,Low
1/26/2022,21.6,0.6,39.7,,,,4,Moderate
1/27/2022,18,-1.9,42.1,,,,5,Moderate
1/28/2022,30.6,17,57.1,,,Snowfall,2,Low
1/29/2022,19.2,15.6,85.7,0.454,75,Snowfall,0,Low
1/30/2022,16.6,-4.5,39,,,,5,Moderate
1/31/2022,21.8,3.9,46,,,,5,Moderate
2/1/2022,27.4,18,67.5,,,Snowfall,1,Low
2/2/2022,35.8,31.8,85.6,,,,3,Moderate
2/3/2022,40.3,39.3,96.4,0.118,25,Rainy,2,Low
2/4/2022,30.9,28.5,90.9,1.696,100,Snowfall,1,Low
2/5/2022,21.3,10.1,63.1,0.145,12.5,Snowfall,5,Moderate
2/6/2022,19.1,7,59.2,,,,5,Moderate
2/7/2022,31.8,28.2,86.7,0.273,25,Snowfall,3,Moderate
2/8/2022,38.1,33.8,85.1,0.624,37.5,Rainy,2,Low
2/9/2022,35.2,20.9,56.4,,,,5,Moderate
2/10/2022,40.1,30.6,71.4,,,Rainy,5,Moderate
2/11/2022,41.4,27.4,59.3,,,,5,Moderate
2/12/2022,49.8,32.2,52.4,,,,5,Moderate
2/13/2022,29.8,22.3,75.7,0.22,62.5,Snowfall,0,Low
2/14/2022,19.6,5.3,55.3,0.023,8.33,Snowfall,5,Moderate
2/15/2022,19.1,-2.2,38.7,,,,5,Moderate
2/16/2022,31.3,20.6,64.7,,,,6,High
2/17/2022,53.3,44.4,72.6,,,Rainy,4,Moderate
2/18/2022,45.4,32.8,63.6,0.336,37.5,Rainy,5,Moderate
2/19/2022,28,12.2,52.1,,,Snowfall,5,Moderate
2/20/2022,25,3.3,39.8,,,,4,Moderate
2/21/2022,40.4,23.9,52.9,,,,6,High
2/22/2022,41.4,38.7,90.4,0.337,33.33,Rainy,4,Moderate
2/23/2022,54.5,43.1,67.9,0.02,4.17,Rainy,4,Moderate
2/24/2022,27,5.2,39,,,,3,Moderate
2/25/2022,26.8,21.3,80.8,0.633,58.33,Snowfall,1,Low
2/26/2022,23.1,9.7,57.5,,,,6,High
2/27/2022,30.8,13.2,48.8,,,Snowfall,6,High
2/28/2022,23.4,-0.9,35.2,,,,6,High
3/1/2022,29.1,14.9,56.8,0.063,8.33,Snowfall,3,Moderate
3/2/2022,39.1,25.3,60,0.031,4.17,Rainy,6,High
3/3/2022,33.3,16.9,53.5,0.162,16.67,Snowfall,5,Moderate
3/4/2022,25.6,2.9,37.5,,,,6,High
3/5/2022,33.9,13.4,43.1,,,,5,Moderate
3/6/2022,51,43.9,77.2,0.012,4.17,Rainy,4,Moderate
3/7/2022,55.5,43.5,65.6,0.229,20.83,Rainy,2,Low
3/8/2022,40.9,18.2,41,0.096,4.17,Rainy,6,High
3/9/2022,34.7,22.9,64.5,0.252,29.17,Snowfall,1,Low
3/10/2022,39.3,29.1,69.3,,,,6,High
3/11/2022,41.3,30,66,,,,7,High
3/12/2022,37.5,33.3,85.4,0.36,20.83,Snowfall,1,Low
3/13/2022,28.5,8.1,42.8,,,,7,High
3/14/2022,40.4,18.5,42.2,,,,7,High
3/15/2022,47,33.1,60,,,,6,High
3/16/2022,43.1,37.4,80.9,0.02,4.17,Rainy,6,High
3/17/2022,43.8,41.4,91.6,0.036,16.67,Rainy,3,Moderate
3/18/2022,55.2,48,78.9,,,Rainy,7,High
3/19/2022,47.8,45,90.7,0.147,25,Rainy,1,Low
3/20/2022,52.4,42.7,72.4,0.065,8.33,Rainy,7,High
3/21/2022,49.7,24.4,39.4,,,,7,High
3/22/2022,43.7,14.5,32,,,,7,High
3/23/2022,38.8,20.3,47.3,,,,7,High
3/24/2022,41,37.7,88.5,0.535,75,Rainy,1,Low
3/25/2022,47.5,37.9,71.8,0.469,25,Rainy,6,High
3/26/2022,48.6,35.1,60.6,0.321,20.83,Rainy,6,High
3/27/2022,43.3,27.5,55.4,,,,5,Moderate
3/28/2022,28.4,7.8,42.7,0.011,4.17,Snowfall,8,Very High
3/29/2022,28.8,5.9,38.2,,,,7,High
3/30/2022,38.8,9.5,30.2,,,,7,High
3/31/2022,53.4,42.4,67.9,0.011,4.17,Rainy,3,Moderate
4/1/2022,54.1,44.1,71.2,0.543,25,Rainy,5,Moderate
4/2/2022,45.4,18,35.4,,,,8,Very High
4/3/2022,42.5,32,67,,,Rainy,8,Very High
4/4/2022,46.9,26.5,50.8,0.011,4.17,Rainy,8,Very High
4/5/2022,49.8,26.5,41.1,,,,7,High
4/6/2022,45,39.6,81.7,0.114,20.83,Rainy,2,Low
4/7/2022,44.5,38.3,78.9,,,Rainy,4,Moderate
4/8/2022,53.9,43.9,72.7,0.174,33.33,Rainy,7,High
4/9/2022,49.4,40.7,72.4,0.113,20.83,Rainy,5,Moderate
4/10/2022,47.5,32.3,57.3,,,Rainy,8,Very High
4/11/2022,50.8,28.5,43.7,,,,8,Very High
4/12/2022,57.5,39.5,52.7,0.032,8.33,Rainy,7,High
4/13/2022,59.7,37.3,45.4,,,,7,High
4/14/2022,48.1,43.3,83.6,0.168,8.33,Rainy,2,Low
4/15/2022,56.6,30.8,46.5,0.061,8.33,Rainy,8,Very High
4/16/2022,58.2,35.4,44.9,0.13,12.5,Rainy,6,High
4/17/2022,45.3,29.4,56.1,0.243,12.5,Rainy,6,High
4/18/2022,45,29.8,55.8,,,Rainy,8,Very High
4/19/2022,48.5,39.8,73.2,0.479,25,Rainy,6,High
4/20/2022,48.8,25.4,41.6,,,,9,Very High
4/21/2022,50.5,35.2,57.6,,,,8,Very High
4/22/2022,57,33.7,44.7,,,,9,Very High
4/23/2022,51.1,30.5,46.1,,,,8,Very High
4/24/2022,46.8,25.6,44,,,,6,High
4/25/2022,48.7,33.8,57.2,,,,7,High
4/26/2022,49.8,44.9,83.6,0.116,25,Rainy,1,Low
4/27/2022,51.9,38.7,63.9,0.204,16.67,Rainy,8,Very High
4/28/2022,45.8,21.7,39.8,,,,9,Very High
4/29/2022,47.4,16.4,28.8,,,,9,Very High
4/30/2022,47.1,29,49.7,,,,8,Very High
5/1/2022,53.4,34.6,49.5,,,,8,Very High
5/2/2022,49.8,41.9,75.2,0.134,25,Rainy,4,Moderate
5/3/2022,48.4,43.5,83.4,0.122,25,Rainy,5,Moderate
5/4/2022,49.8,46.9,89.8,0.091,25,Rainy,3,Moderate
5/5/2022,58.2,40.2,57.4,,,Rainy,7,High
5/6/2022,55.9,36.4,49.6,,,,4,Moderate
5/7/2022,49,37.3,65.2,,,Rainy,5,Moderate
5/8/2022,47.9,33.5,58.3,,,,6,High
5/9/2022,49.1,30.7,51.4,,,,7,High
5/10/2022,51.8,31.6,46.8,,,,6,High
5/11/2022,51.2,41.5,70.1,,,,6,High
5/12/2022,54.4,52.4,93.2,,,Rainy,5,Moderate
5/13/2022,61.8,57,85.7,,,Rainy,5,Moderate
5/14/2022,74.1,61.9,68.6,,,,5,Moderate
5/15/2022,69.5,62.4,79.6,0.011,4.17,Rainy,6,High
5/16/2022,66.3,59.7,80.3,0.081,12.5,Rainy,6,High
5/17/2022,65.1,45.5,52.2,0.011,4.17,Rainy,6,High
5/18/2022,61.9,34,38.9,,,,6,High
5/19/2022,57.4,45.9,68.4,0.011,4.17,Rainy,2,Low
5/20/2022,57.2,52.8,85.7,,,Rainy,5,Moderate
5/21/2022,60.8,57.7,90.1,0.023,12.5,Rainy,5,Moderate
5/22/2022,69.9,61.5,76,0.089,12.5,Rainy,6,High
5/23/2022,64.5,48.8,57.9,,,Rainy,5,Moderate
5/24/2022,56.3,43.3,62.3,,,,6,High
5/25/2022,58.3,44.2,60.4,,,Rainy,6,High
5/26/2022,61.2,44.4,55.9,,,,8,Very High
5/27/2022,69.8,62.4,78.1,,,Rainy,4,Moderate
5/28/2022,68.5,63.6,84.9,0.714,25,Rainy,3,Moderate
5/29/2022,66.5,51.2,58.9,,,,6,High
5/30/2022,74.9,55.4,54.6,,,,6,High
5/31/2022,65.4,55.1,70.3,0.006,8.33,Rainy,5,Moderate
6/1/2022,56.7,51.4,82.5,0.09,12.5,Rainy,2,Low
6/2/2022,57.7,53.1,85.1,0.097,8.33,Rainy,3,Moderate
6/3/2022,56.6,54.3,92.2,0.015,8.33,Rainy,5,Moderate
6/4/2022,61.1,55.2,81.7,,,Rainy,6,High
6/5/2022,66.2,39.8,39.9,,,,6,High
6/6/2022,67.1,47,49.6,,,,7,High
6/7/2022,70.3,50.6,52,,,Rainy,6,High
6/8/2022,71.6,58.1,66.8,0.241,33.33,Rainy,6,High
6/9/2022,70.5,59.9,71.5,0.843,20.83,Rainy,6,High
6/10/2022,69.8,49.5,50.4,,,,7,High
6/11/2022,70.6,47.4,44.6,,,,4,Moderate
6/12/2022,69.1,56.7,65.4,,,Rainy,6,High
6/13/2022,73.3,59.2,67.4,0.094,12.5,Rainy,7,High
6/14/2022,73,50.5,45.9,,,,6,High
6/15/2022,65.8,54.7,68.1,,,,6,High
6/16/2022,65.9,53.9,66.7,,,Rainy,3,Moderate
6/17/2022,75.4,59.2,59.8,0.003,4.17,Rainy,6,High
6/18/2022,66.5,46.1,48.2,,,,7,High
6/19/2022,56.2,44.4,66.3,0.311,33.33,Rainy,4,Moderate
6/20/2022,63,45.2,56.5,,,,6,High
6/21/2022,63.1,52.7,69.4,,,,8,Very High
6/22/2022,61.7,55.9,81.9,,,Rainy,7,High
6/23/2022,63.1,57.9,84,,,Rainy,7,High
6/24/2022,68,58.2,72,,,Rainy,5,Moderate
6/25/2022,75.4,58.9,59,,,,6,High
6/26/2022,77.8,62.8,61.7,,,,6,High
6/27/2022,72,64.7,78.7,0.654,33.33,Rainy,2,Low
6/28/2022,69.5,54.7,60.2,,,,10,Very High
6/29/2022,71.7,58.1,64.7,0.001,4.17,Rainy,10,Very High
6/30/2022,72.6,52.6,52,,,Rainy,6,High
7/1/2022,78.7,62.5,60.1,,,Rainy,6,High
7/2/2022,77.1,67,72.8,0.193,16.67,Rainy,4,Moderate
7/3/2022,77.4,52.2,45.5,,,,6,High
7/4/2022,76.2,49.1,39.7,,,,7,High
7/5/2022,71.8,57.2,61.4,0.034,8.33,Rainy,5,Moderate
7/6/2022,75.1,61.1,65.1,0.025,12.5,Rainy,7,High
7/7/2022,71,56.6,61,,,,8,Very High
7/8/2022,74.2,59.5,63.5,,,Rainy,7,High
7/9/2022,71.2,55.1,57.6,,,,6,High
7/10/2022,69.3,48,48.3,,,,6,High
7/11/2022,74,57.2,58.5,,,,7,High
7/12/2022,77,62.2,61.9,0.001,4.17,Rainy,6,High
7/13/2022,75.8,62.6,65.4,0.012,4.17,Rainy,7,High
7/14/2022,72.1,64.3,77.3,0.165,25,Rainy,9,Very High
7/15/2022,73.3,54.3,53.2,,,,9,Very High
7/16/2022,75.4,58.4,58.3,,,,5,Moderate
7/17/2022,76.9,65.1,68.8,,,,7,High
7/18/2022,75.2,70.4,85.6,0.149,16.67,Rainy,3,Moderate
7/19/2022,82.5,66.1,61,0.023,8.33,Rainy,6,High
7/20/2022,83.8,67.8,59,,,,6,High
7/21/2022,82.5,71.1,70.3,,,Rainy,6,High
7/22/2022,84.6,62.5,49.8,,,,6,High
7/23/2022,84.1,62.8,50.6,,,,6,High
7/24/2022,86.9,63.7,49.1,,,,6,High
7/25/2022,84,71.1,66.1,,,Rainy,3,Moderate
7/26/2022,76.8,54.1,45.6,,,,5,Moderate
7/27/2022,72.6,55.4,56.5,,,,7,High
7/28/2022,77.3,66.5,70.1,0.043,12.5,Rainy,6,High
7/29/2022,82.5,62.5,55.2,,,Rainy,6,High
7/30/2022,80.6,56,45,,,Rainy,7,High
7/31/2022,77,57,50.7,,,,7,High
8/1/2022,75.9,63.3,66.3,0.012,4.17,Rainy,7,High
8/2/2022,79.6,66.4,67.1,,,Rainy,7,High
8/3/2022,76.2,63,64.5,,,,6,High
8/4/2022,83,65.8,59.8,,,,6,High
8/5/2022,80.7,69.4,70.4,0.064,12.5,Rainy,6,High
8/6/2022,83.1,70.2,67.6,0.004,4.17,Rainy,7,High
8/7/2022,85.2,71.2,65.8,0.037,8.33,Rainy,7,High
8/8/2022,86,70.9,62.7,,,,6,High
8/9/2022,83.1,71.6,70.6,0.159,12.5,Rainy,6,High
8/10/2022,68,63,84.6,,,Rainy,7,High
8/11/2022,70.6,66.1,85.9,,,Rainy,3,Moderate
8/12/2022,72.4,57,59.9,,,,7,High
8/13/2022,67.6,53.6,61.3,,,,6,High
8/14/2022,71.2,54.4,56.4,,,,7,High
8/15/2022,70.1,57.7,65.3,,,,6,High
8/16/2022,70.5,60.5,71.6,,,,6,High
8/17/2022,70.4,56.6,62.9,0.012,4.17,Rainy,4,Moderate
8/18/2022,74.1,53,49.6,,,,6,High
8/19/2022,80.7,52.7,41.5,,,,6,High
8/20/2022,78.5,61.7,57.2,,,Rainy,6,High
8/21/2022,77.4,62.9,63.9,,,,6,High
8/22/2022,69.5,67.7,93.9,0.441,37.5,Rainy,2,Low
8/23/2022,70.1,67.2,90.5,0.028,20.83,Rainy,3,Moderate
8/24/2022,72.6,67.3,84.1,,,Rainy,5,Moderate
8/25/2022,77.2,65.1,67.3,,,,5,Moderate
8/26/2022,76.4,64.5,69,0.405,16.67,Rainy,7,High
8/27/2022,71.4,65.8,82.6,,,Rainy,5,Moderate
8/28/2022,70.9,62.5,75.3,,,,6,High
8/29/2022,75.8,64.9,70.6,,,,6,High
8/30/2022,79.6,69.1,72.2,,,,6,High
8/31/2022,77,61.4,63.1,0.329,16.67,Rainy,6,High
9/1/2022,72.8,48.9,44.3,,,,6,High
9/2/2022,63.7,48.3,57.7,,,,6,High
9/3/2022,66.8,55.2,67.2,,,,6,High
9/4/2022,72.7,62.2,70.3,,,Rainy,6,High
9/5/2022,68.5,66.1,92.1,0.387,66.67,Rainy,2,Low
9/6/2022,63.9,62,93.6,0.654,91.67,Rainy,1,Low
9/7/2022,65.4,59.4,81.8,,,Rainy,6,High
9/8/2022,64.6,57.8,79.5,,,,6,High
9/9/2022,66.3,58.7,77.4,,,,6,High
9/10/2022,72.3,59.9,65.8,,,,5,Moderate
9/11/2022,73.6,60.7,64.5,,,Rainy,3,Moderate
9/12/2022,70.3,65.3,84.5,,,Rainy,4,Moderate
9/13/2022,69.8,68.4,95.5,0.153,25,Rainy,2,Low
9/14/2022,71.6,58,63.7,,,,5,Moderate
9/15/2022,65.5,43.2,46.2,,,,6,High
9/16/2022,62.9,40.6,44.4,,,,6,High
9/17/2022,60.3,43.9,55.6,,,,6,High
9/18/2022,72,60.8,70.2,,,Rainy,5,Moderate
9/19/2022,63.7,60.6,89.7,0.385,16.67,Rainy,2,Low
9/20/2022,60.4,56.9,88.5,0.011,4.17,Rainy,1,Low
9/21/2022,62.1,55.3,79.1,0.001,4.17,Rainy,3,Moderate
9/22/2022,64.3,60.4,87.3,0.743,33.33,Rainy,1,Low
9/23/2022,54.4,39.8,58.8,,,,6,High
9/24/2022,57.8,36.9,47.2,,,,5,Moderate
9/25/2022,61.1,51.6,72,,,Rainy,5,Moderate
9/26/2022,65.5,57.1,76.2,0.269,16.67,Rainy,6,High
9/27/2022,65.3,52,66.3,,,,5,Moderate
9/28/2022,62.9,48.8,61,,,Rainy,6,High
9/29/2022,58,46.3,65.6,,,,5,Moderate
9/30/2022,53.8,44.1,69.9,,,,5,Moderate
10/1/2022,55,46.4,72.9,0.024,8.33,Rainy,1,Low
10/2/2022,55,41.8,61.7,,,Rainy,4,Moderate
10/3/2022,53.4,39.2,58.7,,,,3,Moderate
10/4/2022,55.1,48.2,78.2,0.247,25,Rainy,1,Low
10/5/2022,56.4,54.7,94.1,0.564,58.33,Rainy,1,Low
10/6/2022,62.3,56.5,81.9,0.088,8.33,Rainy,5,Moderate
10/7/2022,66,53.7,67.1,,,Rainy,5,Moderate
10/8/2022,54.6,36,50.3,0.012,4.17,Rainy,5,Moderate
10/9/2022,53,35.5,52.9,,,,5,Moderate
10/10/2022,55.5,43.8,66.1,0.031,8.33,Rainy,3,Moderate
10/11/2022,56.6,42.7,63.4,,,,5,Moderate
10/12/2022,61.7,46.7,61.3,,,,5,Moderate
10/13/2022,61.7,57.1,85.6,0.892,29.17,Rainy,1,Low
10/14/2022,63.8,60.6,89.9,1.313,54.17,Rainy,4,Moderate
10/15/2022,59.9,47,66.2,,,Rainy,5,Moderate
10/16/2022,57.8,49.8,76,,,Rainy,5,Moderate
10/17/2022,55.7,51.4,85.8,0.253,25,Rainy,2,Low
10/18/2022,61,53.8,78.7,0.189,29.17,Rainy,2,Low
10/19/2022,50.7,33.4,52.8,,,Rainy,5,Moderate
10/20/2022,49.9,32.1,52.4,,,,5,Moderate
10/21/2022,53.1,38.9,60.1,,,,4,Moderate
10/22/2022,56.7,44.8,67.9,,,Rainy,4,Moderate
10/23/2022,54.2,48.1,80,0.078,20.83,Rainy,2,Low
10/24/2022,56.1,54.8,95.6,0.101,20.83,Rainy,1,Low
10/25/2022,59.1,59,99.7,0.056,16.67,Rainy,2,Low
10/26/2022,60.5,60.3,99.4,0.355,25,Rainy,2,Low
10/27/2022,61.4,47.6,64.2,,,,4,Moderate
10/28/2022,46.8,35.1,63.9,,,,4,Moderate
10/29/2022,47.8,40.2,75.4,,,Rainy,4,Moderate
10/30/2022,50.2,40,69.8,,,,4,Moderate
10/31/2022,56.4,51.2,84.2,,,Rainy,4,Moderate
11/1/2022,60.9,57.3,88.2,0.04,8.33,Rainy,1,Low
11/2/2022,59,48.8,71,,,,4,Moderate
11/3/2022,54,42.7,65.8,,,,4,Moderate
11/4/2022,59.9,51.9,77.1,,,Rainy,4,Moderate
11/5/2022,65.6,59.8,82.7,,,,3,Moderate
11/6/2022,69.6,62.5,79.1,,,,3,Moderate
11/7/2022,67.9,47.3,56,0.001,4.17,Rainy,4,Moderate
11/8/2022,49.4,22.8,35.6,,,,4,Moderate
11/9/2022,43,29,57.9,,,,4,Moderate
11/10/2022,55.6,43.4,66.1,,,,4,Moderate
11/11/2022,62.6,57.1,83.1,0.324,16.67,Rainy,2,Low
11/12/2022,67.5,59.8,77.4,0.136,20.83,Rainy,4,Moderate
11/13/2022,50.9,43.6,76.6,0.114,25,Rainy,1,Low
11/14/2022,39.9,20.2,45.5,,,,4,Moderate
11/15/2022,38,21.3,51.2,0.001,4.17,Rainy,4,Moderate
11/16/2022,46.6,42.4,85.5,0.765,58.33,Rainy,1,Low
11/17/2022,41,27.4,59.4,,,,5,Moderate
11/18/2022,38.5,20.2,48.3,,,,4,Moderate
11/19/2022,36.9,19.7,50.3,,,,4,Moderate
11/20/2022,33.7,10.6,39.9,,,,4,Moderate
11/21/2022,32.7,13,44.2,,,,3,Moderate
11/22/2022,41.4,21,44.3,,,,3,Moderate
11/23/2022,44,25.1,47.8,,,,3,Moderate
11/24/2022,39.1,27.7,64.2,,,,3,Moderate
11/25/2022,47,40.1,77.5,0.012,4.17,Rainy,1,Low
11/26/2022,45.6,25.9,46.4,,,,3,Moderate
11/27/2022,49.3,35,60.7,0.563,29.17,Rainy,2,Low
11/28/2022,49.8,37.5,63.5,0.077,4.17,Rainy,2,Low
11/29/2022,38.5,27.2,63.5,,,Rainy,2,Low
11/30/2022,49,42.6,78.7,0.668,33.33,Rainy,1,Low
12/1/2022,4.4,-6.9,44.3,,,,4,Moderate
12/2/2022,4.1,-4.1,56.2,,,,3,Moderate
12/3/2022,10.2,6.7,79.6,4.195,37.5,Rainy,1,Low
12/4/2022,4.3,-6.2,47.1,,,,4,Moderate
12/5/2022,4.1,-1.9,66.1,,,,3,Moderate
12/6/2022,8.6,5.7,82.3,2.377,16.67,Rainy,2,Low
12/7/2022,11.9,11.1,94.5,21.268,75,Rainy,1,Low
12/8/2022,9.2,2.3,63.1,,,,3,Moderate
12/9/2022,3.9,-10.3,38.4,,,,3,Moderate
12/10/2022,0.4,-6.4,61.6,,,,1,Low
12/11/2022,-1.9,-6.5,71.1,1.002,20.83,Snowfall,1,Low
12/12/2022,-2,-8.9,61.9,,,,3,Moderate
12/13/2022,0.7,-9.5,47.2,,,,3,Moderate
12/14/2022,-0.4,-9.1,52.2,,,,3,Moderate
12/15/2022,4.1,0.6,78.3,0.554,37.5,Rainy,2,Low
12/16/2022,6.3,5.1,92.3,29.178,100,Rainy,0,Low
12/17/2022,3.9,0.9,82,4.506,41.67,Snowfall,2,Low
12/18/2022,2.5,-4.2,62.2,,,,3,Moderate
12/19/2022,1.8,-5.6,58.6,,,,3,Moderate
12/20/2022,1.1,-6.4,57.6,,,,3,Moderate
12/21/2022,0.2,-5.5,66.1,,,,3,Moderate
12/22/2022,3,-0.8,76.1,2.768,20.83,Rainy,2,Low
12/23/2022,7.7,5.2,85.1,18.7,79.17,Rainy,1,Low
12/24/2022,-9.2,-17.8,50.2,,,,3,Moderate
12/25/2022,-6.6,-15.5,49.7,,,,3,Moderate
12/26/2022,-2.7,-12.3,48.2,,,,3,Moderate
12/27/2022,-0.7,-10.5,47.7,,,,3,Moderate
12/28/2022,1.2,-5.7,60.7,,,,2,Low
12/29/2022,5.2,-1.7,63,,,,4,Moderate
12/30/2022,9.8,1.2,56.4,,,,3,Moderate
12/31/2022,10,8.8,92.6,7.775,45.83,Rainy,1,Low
